phase,token,id
prefill,0,248045
prefill,1,8678
prefill,2,198
prefill,3,2523
prefill,4,513
prefill,5,264
prefill,6,16097
prefill,7,2136
prefill,8,351
prefill,9,992
prefill,10,1970
prefill,11,53650
prefill,12,13
prefill,13,5272
prefill,14,1132
prefill,15,279
prefill,16,3766
prefill,17,2450
prefill,18,13
prefill,19,79091
prefill,20,9201
prefill,21,948
prefill,22,2193
prefill,23,369
prefill,24,7167
prefill,25,13
prefill,26,248046
prefill,27,198
prefill,28,248045
prefill,29,846
prefill,30,198
prefill,31,18842
prefill,32,279
prefill,33,16713
prefill,34,42903
prefill,35,1970
prefill,36,364
prefill,37,36602
prefill,38,11
prefill,39,29612
prefill,40,11
prefill,41,4779
prefill,42,18458
prefill,43,321
prefill,44,34647
prefill,45,13
prefill,46,38256
prefill,47,220
prefill,48,17
prefill,49,20
prefill,50,47193
prefill,51,14192
prefill,52,13
prefill,53,1690
prefill,54,1754
prefill,55,11
prefill,56,10033
prefill,57,279
prefill,58,5721
prefill,59,11
prefill,60,28647
prefill,61,264
prefill,62,2526
prefill,63,2222
prefill,64,45328
prefill,65,2468
prefill,66,55404
prefill,67,11
prefill,68,321
prefill,69,2873
prefill,70,264
prefill,71,16609
prefill,72,357
prefill,73,15797
prefill,74,1228
prefill,75,13
prefill,76,3130
prefill,77,25969
prefill,78,20335
prefill,79,13
prefill,80,9357
prefill,81,506
prefill,82,3140
prefill,83,220
prefill,84,16
prefill,85,15
prefill,86,15
prefill,87,15
prefill,88,4105
prefill,89,13
prefill,90,271
prefill,91,3488
prefill,92,47801
prefill,93,25
prefill,94,271
prefill,95,320
prefill,96,2793
prefill,97,25
prefill,98,50285
prefill,99,980
prefill,100,13050
prefill,101,4691
prefill,102,70
prefill,103,980
prefill,104,86891
prefill,105,6982
prefill,106,198
prefill,107,320
prefill,108,6817
prefill,109,25
prefill,110,2548
prefill,111,286
prefill,112,411
prefill,113,999
prefill,114,310
prefill,115,351
prefill,116,992
prefill,117,369
prefill,118,264
prefill,119,944
prefill,120,303
prefill,121,4936
prefill,122,271
prefill,123,5575
prefill,124,696
prefill,125,22580
prefill,126,18
prefill,127,17
prefill,128,198
prefill,129,1389
prefill,130,21384
prefill,131,18
prefill,132,17
prefill,133,5112
prefill,134,1058
prefill,135,21096
prefill,136,31942
prefill,137,1058
prefill,138,198
prefill,139,5355
prefill,140,94338
prefill,141,669
prefill,142,10272
prefill,143,198
prefill,144,2
prefill,145,256
prefill,146,6762
prefill,147,94338
prefill,148,669
prefill,149,10272
prefill,150,198
prefill,151,2576
prefill,152,198
prefill,153,1032
prefill,154,361
prefill,155,26209
prefill,156,834
prefill,157,29
prefill,158,198
prefill,159,2576
prefill,160,271
prefill,161,1032
prefill,162,328
prefill,163,13985
prefill,164,980
prefill,165,86891
prefill,166,834
prefill,167,1
prefill,168,198
prefill,169,1032
prefill,170,328
prefill,171,13985
prefill,172,980
prefill,173,86891
prefill,174,12
prefill,175,6182
prefill,176,834
prefill,177,1
prefill,178,198
prefill,179,1032
prefill,180,328
prefill,181,13985
prefill,182,980
prefill,183,12
prefill,184,4589
prefill,185,834
prefill,186,1
prefill,187,198
prefill,188,1032
prefill,189,328
prefill,190,13985
prefill,191,980
prefill,192,12
prefill,193,6182
prefill,194,834
prefill,195,1
prefill,196,198
prefill,197,1032
prefill,198,328
prefill,199,13985
prefill,200,980
prefill,201,17830
prefill,202,517
prefill,203,2195
prefill,204,1687
prefill,205,834
prefill,206,1
prefill,207,271
prefill,208,1032
prefill,209,361
prefill,210,2138
prefill,211,834
prefill,212,29
prefill,213,198
prefill,214,1032
prefill,215,361
prefill,216,39721
prefill,217,834
prefill,218,29
prefill,219,198
prefill,220,1032
prefill,221,361
prefill,222,85227
prefill,223,834
prefill,224,29
prefill,225,198
prefill,226,1032
prefill,227,361
prefill,228,10038
prefill,229,834
prefill,230,29
prefill,231,198
prefill,232,1032
prefill,233,361
prefill,234,12767
prefill,235,834
prefill,236,29
prefill,237,198
prefill,238,1032
prefill,239,361
prefill,240,889
prefill,241,834
prefill,242,29
prefill,243,198
prefill,244,1032
prefill,245,361
prefill,246,19086
prefill,247,29
prefill,248,198
prefill,249,1032
prefill,250,361
prefill,251,21670
prefill,252,29
prefill,253,198
prefill,254,1032
prefill,255,361
prefill,256,889
prefill,257,29
prefill,258,198
prefill,259,1032
prefill,260,361
prefill,261,29429
prefill,262,5208
prefill,263,29
prefill,264,198
prefill,265,1032
prefill,266,361
prefill,267,3112
prefill,268,29
prefill,269,271
prefill,270,5575
prefill,271,1259
prefill,272,75327
prefill,273,548
prefill,274,198
prefill,275,1032
prefill,276,361
prefill,277,7545
prefill,278,19763
prefill,279,834
prefill,280,29
prefill,281,198
prefill,282,1032
prefill,283,361
prefill,284,7545
prefill,285,40457
prefill,286,12019
prefill,287,834
prefill,288,29
prefill,289,198
prefill,290,2576
prefill,291,1358
prefill,292,320
prefill,293,18583
prefill,294,4011
prefill,295,913
prefill,296,271
prefill,297,989
prefill,298,1122
prefill,299,348
prefill,300,50285
prefill,301,980
prefill,302,38681
prefill,303,853
prefill,304,86064
prefill,305,1224
prefill,306,3163
prefill,307,70
prefill,308,980
prefill,309,38681
prefill,310,7530
prefill,311,1756
prefill,312,516
prefill,313,996
prefill,314,703
prefill,315,8
prefill,316,313
prefill,317,198
prefill,318,262
prefill,319,54802
prefill,320,2581
prefill,321,11458
prefill,322,1818
prefill,323,86064
prefill,324,1174
prefill,325,198
prefill,326,262
prefill,327,460
prefill,328,996
prefill,329,703
prefill,330,397
prefill,331,50901
prefill,332,652
prefill,333,1224
prefill,334,1818
prefill,335,86064
prefill,336,1174
prefill,337,198
prefill,338,92
prefill,339,271
prefill,340,13985
prefill,341,980
prefill,342,38681
prefill,343,7530
prefill,344,516
prefill,345,50285
prefill,346,980
prefill,347,38681
prefill,348,853
prefill,349,86064
prefill,350,14373
prefill,351,7530
prefill,352,3163
prefill,353,70
prefill,354,980
prefill,355,38681
prefill,356,7530
prefill,357,1756
prefill,358,516
prefill,359,996
prefill,360,703
prefill,361,11
prefill,362,1331
prefill,363,516
prefill,364,1331
prefill,365,8
prefill,366,313
prefill,367,198
prefill,368,262
prefill,369,54802
prefill,370,2581
prefill,371,11458
prefill,372,1818
prefill,373,86064
prefill,374,1174
prefill,375,198
prefill,376,262
prefill,377,413
prefill,378,318
prefill,379,2073
prefill,380,606
prefill,381,220
prefill,382,15
prefill,383,8
prefill,384,313
prefill,385,198
prefill,386,285
prefill,387,434
prefill,388,460
prefill,389,264
prefill,390,16782
prefill,391,4011
prefill,392,364
prefill,393,6942
prefill,394,26931
prefill,395,67283
prefill,396,198
prefill,397,285
prefill,398,460
prefill,399,50285
prefill,400,980
prefill,401,38681
prefill,402,7530
prefill,403,5945
prefill,404,1818
prefill,405,86064
prefill,406,11
prefill,407,15969
prefill,408,1708
prefill,409,11
prefill,410,220
prefill,411,15
prefill,412,1174
prefill,413,198
prefill,414,262
prefill,415,333
prefill,416,198
prefill,417,262
prefill,418,460
prefill,419,996
prefill,420,703
prefill,421,397
prefill,422,50901
prefill,423,75544
prefill,424,7530
prefill,425,1818
prefill,426,86064
prefill,427,11
prefill,428,1331
prefill,429,1174
prefill,430,198
prefill,431,92
prefill,432,271
prefill,433,2073
prefill,434,516
prefill,435,50285
prefill,436,980
prefill,437,38681
prefill,438,853
prefill,439,86064
prefill,440,2964
prefill,441,49288
prefill,442,3163
prefill,443,70
prefill,444,980
prefill,445,38681
prefill,446,7530
prefill,447,1756
prefill,448,516
prefill,449,996
prefill,450,703
prefill,451,8
prefill,452,313
prefill,453,198
prefill,454,262
prefill,455,54802
prefill,456,2581
prefill,457,11458
prefill,458,1818
prefill,459,86064
prefill,460,1174
prefill,461,198
prefill,462,262
prefill,463,460
prefill,464,996
prefill,465,703
prefill,466,397
prefill,467,50901
prefill,468,652
prefill,469,49288
prefill,470,1818
prefill,471,86064
prefill,472,1174
prefill,473,198
prefill,474,92
prefill,475,271
prefill,476,2073
prefill,477,516
prefill,478,50285
prefill,479,980
prefill,480,38681
prefill,481,853
prefill,482,86064
prefill,483,2964
prefill,484,6144
prefill,485,2291
prefill,486,3163
prefill,487,70
prefill,488,980
prefill,489,38681
prefill,490,7530
prefill,491,1756
prefill,492,516
prefill,493,996
prefill,494,703
prefill,495,8
prefill,496,313
prefill,497,198
prefill,498,262
prefill,499,54802
prefill,500,2581
prefill,501,11458
prefill,502,1818
prefill,503,86064
prefill,504,1174
prefill,505,198
prefill,506,262
prefill,507,434
prefill,508,615
prefill,509,6144
prefill,510,2291
prefill,511,369
prefill,512,9801
prefill,513,11
prefill,514,16184
prefill,515,310
prefill,516,24536
prefill,517,6592
prefill,518,198
prefill,519,262
prefill,520,413
prefill,521,318
prefill,522,19044
prefill,523,703
prefill,524,397
prefill,525,50901
prefill,526,652
prefill,527,6144
prefill,528,2291
prefill,529,8
prefill,530,313
prefill,531,198
prefill,532,285
prefill,533,460
prefill,534,996
prefill,535,703
prefill,536,397
prefill,537,50901
prefill,538,652
prefill,539,6144
prefill,540,2291
prefill,541,1818
prefill,542,86064
prefill,543,1174
prefill,544,198
prefill,545,262
prefill,546,333
prefill,547,198
prefill,548,262
prefill,549,460
prefill,550,24536
prefill,551,6592
prefill,552,26
prefill,553,198
prefill,554,92
prefill,555,271
prefill,556,2073
prefill,557,516
prefill,558,50285
prefill,559,980
prefill,560,38681
prefill,561,853
prefill,562,86064
prefill,563,2964
prefill,564,14373
prefill,565,2291
prefill,566,3163
prefill,567,70
prefill,568,980
prefill,569,38681
prefill,570,7530
prefill,571,1756
prefill,572,516
prefill,573,996
prefill,574,703
prefill,575,11
prefill,576,713
prefill,577,1968
prefill,578,50285
prefill,579,980
prefill,580,22464
prefill,581,348
prefill,582,15167
prefill,583,8
prefill,584,313
prefill,585,198
prefill,586,262
prefill,587,54802
prefill,588,2581
prefill,589,11458
prefill,590,1818
prefill,591,86064
prefill,592,1174
prefill,593,198
prefill,594,262
prefill,595,434
prefill,596,615
prefill,597,14373
prefill,598,2291
prefill,599,369
prefill,600,9801
prefill,601,11
prefill,602,16184
prefill,603,310
prefill,604,50285
prefill,605,980
prefill,606,1054
prefill,607,9363
prefill,608,198
prefill,609,262
prefill,610,413
prefill,611,318
prefill,612,19044
prefill,613,703
prefill,614,397
prefill,615,50901
prefill,616,652
prefill,617,14373
prefill,618,2291
prefill,619,8
prefill,620,313
prefill,621,198
prefill,622,285
prefill,623,1331
prefill,624,516
prefill,625,1331
prefill,626,283
prefill,627,996
prefill,628,703
prefill,629,397
prefill,630,50901
prefill,631,652
prefill,632,14373
prefill,633,2291
prefill,634,1818
prefill,635,86064
prefill,636,11
prefill,637,15167
prefill,638,1174
prefill,639,198
prefill,640,285
prefill,641,1992
prefill,642,6642
prefill,643,2518
prefill,644,50285
prefill,645,980
prefill,646,1054
prefill,647,9363
prefill,648,83056
prefill,649,5722
prefill,650,271
prefill,651,285
prefill,652,434
prefill,653,498
prefill,654,31085
prefill,655,38033
prefill,656,3962
prefill,657,33324
prefill,658,3843
prefill,659,60
prefill,660,198
prefill,661,285
prefill,662,434
prefill,663,413
prefill,664,488
prefill,665,4062
prefill,666,411
prefill,667,1992
prefill,668,11
prefill,669,2560
prefill,670,50285
prefill,671,980
prefill,672,38681
prefill,673,9981
prefill,674,14373
prefill,675,2291
prefill,676,697
prefill,677,347
prefill,678,65585
prefill,679,363
prefill,680,26211
prefill,681,198
prefill,682,285
prefill,683,54802
prefill,684,2581
prefill,685,11458
prefill,686,6642
prefill,687,2564
prefill,688,50285
prefill,689,980
prefill,690,1054
prefill,691,9363
prefill,692,83056
prefill,693,8
prefill,694,1321
prefill,695,198
prefill,696,493
prefill,697,50285
prefill,698,980
prefill,699,9981
prefill,700,6677
prefill,701,14683
prefill,702,83056
prefill,703,397
prefill,704,445
prefill,705,8
prefill,706,1321
prefill,707,198
prefill,708,493
prefill,709,50285
prefill,710,980
prefill,711,6677
prefill,712,51556
prefill,713,1452
prefill,714,83056
prefill,715,397
prefill,716,1267
prefill,717,8
prefill,718,1321
prefill,719,434
prefill,720,498
prefill,721,31085
prefill,722,38033
prefill,723,3962
prefill,724,33324
prefill,725,3843
prefill,726,60
prefill,727,198
prefill,728,493
prefill,729,50285
prefill,730,980
prefill,731,9981
prefill,732,14373
prefill,733,2291
prefill,734,697
prefill,735,347
prefill,736,65585
prefill,737,83056
prefill,738,397
prefill,739,445
prefill,740,5722
prefill,741,271
prefill,742,285
prefill,743,460
prefill,744,1331
prefill,745,26
prefill,746,198
prefill,747,262
prefill,748,333
prefill,749,198
prefill,750,262
prefill,751,460
prefill,752,50285
prefill,753,980
prefill,754,1054
prefill,755,9363
prefill,756,83056
prefill,757,1174
prefill,758,198
prefill,759,92
prefill,760,271
prefill,761,2554
prefill,762,50285
prefill,763,980
prefill,764,38681
prefill,765,853
prefill,766,86064
prefill,767,6677
prefill,768,12480
prefill,769,3163
prefill,770,70
prefill,771,980
prefill,772,38681
prefill,773,7530
prefill,774,1756
prefill,775,516
prefill,776,996
prefill,777,703
prefill,778,8
prefill,779,313
prefill,780,198
prefill,781,262
prefill,782,54802
prefill,783,2581
prefill,784,11458
prefill,785,1818
prefill,786,86064
prefill,787,1174
prefill,788,198
prefill,789,262
prefill,790,413
prefill,791,318
prefill,792,19044
prefill,793,703
prefill,794,397
prefill,795,50901
prefill,796,2011
prefill,797,12480
prefill,798,8
prefill,799,313
prefill,800,198
prefill,801,285
prefill,802,460
prefill,803,996
prefill,804,703
prefill,805,397
prefill,806,50901
prefill,807,2011
prefill,808,12480
prefill,809,1818
prefill,810,86064
prefill,811,1174
prefill,812,198
prefill,813,262
prefill,814,333
prefill,815,198
prefill,816,262
prefill,817,460
prefill,818,867
prefill,819,26
prefill,820,198
prefill,821,92
prefill,822,271
prefill,823,13985
prefill,824,980
prefill,825,38681
prefill,826,10123
prefill,827,516
prefill,828,50285
prefill,829,980
prefill,830,38681
prefill,831,853
prefill,832,86064
prefill,833,2964
prefill,834,8931
prefill,835,3163
prefill,836,70
prefill,837,980
prefill,838,38681
prefill,839,7530
prefill,840,1756
prefill,841,516
prefill,842,996
prefill,843,703
prefill,844,8
prefill,845,313
prefill,846,198
prefill,847,262
prefill,848,54802
prefill,849,2581
prefill,850,11458
prefill,851,1818
prefill,852,86064
prefill,853,1174
prefill,854,198
prefill,855,262
prefill,856,460
prefill,857,996
prefill,858,703
prefill,859,397
prefill,860,5920
prefill,861,26
prefill,862,198
prefill,863,92
prefill,864,271
prefill,865,320
prefill,866,18583
prefill,867,4011
prefill,868,271
prefill,869,13985
prefill,870,980
prefill,871,38681
prefill,872,7530
prefill,873,516
prefill,874,50285
prefill,875,980
prefill,876,38681
prefill,877,7530
prefill,878,5945
prefill,879,7
prefill,880,198
prefill,881,2215
prefill,882,50285
prefill,883,980
prefill,884,38681
prefill,885,7530
prefill,886,1756
prefill,887,516
prefill,888,996
prefill,889,703
prefill,890,11
prefill,891,198
prefill,892,285
prefill,893,1968
prefill,894,50285
prefill,895,980
prefill,896,38681
prefill,897,7530
prefill,898,5150
prefill,899,406
prefill,900,47655
prefill,901,11
prefill,902,198
prefill,903,2215
prefill,904,715
prefill,905,348
prefill,906,3696
prefill,907,2193
prefill,908,11
prefill,909,198
prefill,910,2215
prefill,911,1331
prefill,912,516
prefill,913,3696
prefill,914,1331
prefill,915,8
prefill,916,313
prefill,917,198
prefill,918,262
prefill,919,50285
prefill,920,980
prefill,921,38681
prefill,922,7530
prefill,923,516
prefill,924,4011
prefill,925,283
prefill,926,491
prefill,927,50285
prefill,928,980
prefill,929,38681
prefill,930,7530
prefill,931,313
prefill,932,198
prefill,933,285
prefill,934,1343
prefill,935,641
prefill,936,4809
prefill,937,283
prefill,938,621
prefill,939,47655
prefill,940,11
prefill,941,198
prefill,942,285
prefill,943,1343
prefill,944,641
prefill,945,19044
prefill,946,703
prefill,947,406
prefill,948,283
prefill,949,621
prefill,950,996
prefill,951,703
prefill,952,11
prefill,953,198
prefill,954,285
prefill,955,1343
prefill,956,641
prefill,957,2078
prefill,958,256
prefill,959,283
prefill,960,621
prefill,961,2193
prefill,962,11
prefill,963,198
prefill,964,285
prefill,965,1343
prefill,966,641
prefill,967,2073
prefill,968,406
prefill,969,283
prefill,970,621
prefill,971,1331
prefill,972,11
prefill,973,198
prefill,974,285
prefill,975,1343
prefill,976,641
prefill,977,17172
prefill,978,257
prefill,979,283
prefill,980,621
prefill,981,54802
prefill,982,2581
prefill,983,75136
prefill,984,13981
prefill,985,55373
prefill,986,33306
prefill,987,198
prefill,988,262
prefill,989,19455
prefill,990,271
prefill,991,262
prefill,992,460
prefill,993,4011
prefill,994,26
prefill,995,198
prefill,996,92
prefill,997,271
prefill,998,989
prefill,999,1122
prefill,1000,348
prefill,1001,50285
prefill,1002,980
prefill,1003,38681
prefill,1004,7530
prefill,1005,1224
prefill,1006,3163
prefill,1007,70
prefill,1008,980
prefill,1009,38681
prefill,1010,7530
prefill,1011,516
prefill,1012,4011
prefill,1013,8
prefill,1014,313
prefill,1015,198
prefill,1016,262
prefill,1017,460
prefill,1018,50285
prefill,1019,980
prefill,1020,38681
prefill,1021,853
prefill,1022,86064
prefill,1023,1224
prefill,1024,3163
prefill,1025,70
prefill,1026,980
prefill,1027,38681
prefill,1028,7530
prefill,1029,2964
prefill,1030,1756
prefill,1031,12224
prefill,1032,5722
prefill,1033,198
prefill,1034,92
prefill,1035,271
prefill,1036,972
prefill,1037,50285
prefill,1038,980
prefill,1039,38681
prefill,1040,7530
prefill,1041,8636
prefill,1042,3163
prefill,1043,70
prefill,1044,980
prefill,1045,38681
prefill,1046,7530
prefill,1047,516
prefill,1048,4011
prefill,1049,8
prefill,1050,313
prefill,1051,198
prefill,1052,262
prefill,1053,413
prefill,1054,318
prefill,1055,7333
prefill,1056,606
prefill,1057,1708
prefill,1058,8
prefill,1059,313
prefill,1060,198
prefill,1061,285
prefill,1062,460
prefill,1063,26
prefill,1064,198
prefill,1065,262
prefill,1066,333
prefill,1067,271
prefill,1068,262
prefill,1069,413
prefill,1070,318
prefill,1071,7333
prefill,1072,397
prefill,1073,50901
prefill,1074,44078
prefill,1075,7530
prefill,1076,931
prefill,1077,1708
prefill,1078,8
prefill,1079,313
prefill,1080,198
prefill,1081,285
prefill,1082,4011
prefill,1083,397
prefill,1084,50901
prefill,1085,44078
prefill,1086,7530
prefill,1087,12224
prefill,1088,1174
prefill,1089,198
prefill,1090,262
prefill,1091,333
prefill,1092,198
prefill,1093,262
prefill,1094,3572
prefill,1095,4011
prefill,1096,26
prefill,1097,198
prefill,1098,92
prefill,1099,271
prefill,1100,2073
prefill,1101,516
prefill,1102,50285
prefill,1103,980
prefill,1104,38681
prefill,1105,7530
prefill,1106,2964
prefill,1107,2291
prefill,1108,3163
prefill,1109,70
prefill,1110,980
prefill,1111,38681
prefill,1112,7530
prefill,1113,516
prefill,1114,4011
prefill,1115,8
prefill,1116,313
prefill,1117,198
prefill,1118,262
prefill,1119,54802
prefill,1120,2581
prefill,1121,11458
prefill,1122,12224
prefill,1123,1174
prefill,1124,198
prefill,1125,262
prefill,1126,460
prefill,1127,4011
prefill,1128,397
prefill,1129,2073
prefill,1130,26
prefill,1131,198
prefill,1132,92
prefill,1133,271
prefill,1134,972
prefill,1135,348
prefill,1136,50285
prefill,1137,980
prefill,1138,38681
prefill,1139,7530
prefill,1140,2964
prefill,1141,7408
prefill,1142,3163
prefill,1143,70
prefill,1144,980
prefill,1145,38681
prefill,1146,7530
prefill,1147,516
prefill,1148,4011
prefill,1149,8
prefill,1150,313
prefill,1151,198
prefill,1152,262
prefill,1153,54802
prefill,1154,2581
prefill,1155,11458
prefill,1156,12224
prefill,1157,1174
prefill,1158,198
prefill,1159,262
prefill,1160,434
prefill,1161,615
prefill,1162,7408
prefill,1163,369
prefill,1164,9801
prefill,1165,413
prefill,1166,279
prefill,1167,4011
prefill,1168,369
prefill,1169,6942
prefill,1170,26931
prefill,1171,198
prefill,1172,262
prefill,1173,413
prefill,1174,1451
prefill,1175,13985
prefill,1176,980
prefill,1177,38681
prefill,1178,7530
prefill,1179,6677
prefill,1180,12994
prefill,1181,12224
prefill,1182,8
prefill,1183,976
prefill,1184,4011
prefill,1185,397
prefill,1186,2073
prefill,1187,606
prefill,1188,220
prefill,1189,15
prefill,1190,8
prefill,1191,313
prefill,1192,198
prefill,1193,285
prefill,1194,460
prefill,1195,1708
prefill,1196,26
prefill,1197,198
prefill,1198,262
prefill,1199,333
prefill,1200,271
prefill,1201,262
prefill,1202,434
prefill,1203,26585
prefill,1204,604
prefill,1205,38
prefill,1206,25
prefill,1207,264
prefill,1208,7072
prefill,1209,7530
prefill,1210,682
prefill,1211,264
prefill,1212,2397
prefill,1213,35704
prefill,1214,1331
prefill,1215,11
prefill,1216,3956
prefill,1217,310
prefill,1218,279
prefill,1219,3294
prefill,1220,3847
prefill,1221,615
prefill,1222,7408
prefill,1223,369
prefill,1224,524
prefill,1225,9801
prefill,1226,11
prefill,1227,198
prefill,1228,262
prefill,1229,434
prefill,1230,257
prefill,1231,353
prefill,1232,1459
prefill,1233,914
prefill,1234,1366
prefill,1235,3315
prefill,1236,279
prefill,1237,3294
prefill,1238,3847
prefill,1239,369
prefill,1240,4252
prefill,1241,198
prefill,1242,262
prefill,1243,413
prefill,1244,1451
prefill,1245,7333
prefill,1246,397
prefill,1247,50901
prefill,1248,652
prefill,1249,7408
prefill,1250,8
prefill,1251,313
prefill,1252,198
prefill,1253,285
prefill,1254,460
prefill,1255,1708
prefill,1256,26
prefill,1257,198
prefill,1258,262
prefill,1259,333
prefill,1260,271
prefill,1261,262
prefill,1262,715
prefill,1263,348
prefill,1264,2255
prefill,1265,283
prefill,1266,4011
prefill,1267,397
prefill,1268,50901
prefill,1269,652
prefill,1270,7408
prefill,1271,12224
prefill,1272,1174
prefill,1273,271
prefill,1274,262
prefill,1275,54802
prefill,1276,2581
prefill,1277,11458
prefill,1278,12300
prefill,1279,931
prefill,1280,1708
prefill,1281,976
prefill,1282,328
prefill,1283,20302
prefill,1284,4011
prefill,1285,2255
prefill,1286,4021
prefill,1287,381
prefill,1288,1708
prefill,1289,4876
prefill,1290,271
prefill,1291,262
prefill,1292,460
prefill,1293,2255
prefill,1294,26
prefill,1295,198
prefill,1296,92
prefill,1297,271
prefill,1298,8746
prefill,1299,50285
prefill,1300,980
prefill,1301,4620
prefill,1302,50285
prefill,1303,980
prefill,1304,38681
prefill,1305,7530
prefill,1306,5945
prefill,1307,22464
prefill,1308,3163
prefill,1309,70
prefill,1310,980
prefill,1311,38681
prefill,1312,7530
prefill,1313,516
prefill,1314,4011
prefill,1315,11
prefill,1316,1968
prefill,1317,50285
prefill,1318,980
prefill,1319,22464
prefill,1320,348
prefill,1321,15167
prefill,1322,8
prefill,1323,313
prefill,1324,198
prefill,1325,262
prefill,1326,54802
prefill,1327,2581
prefill,1328,11458
prefill,1329,12224
prefill,1330,1174
prefill,1331,198
prefill,1332,262
prefill,1333,434
prefill,1334,2836
prefill,1335,22464
prefill,1336,369
prefill,1337,9801
prefill,1338,198
prefill,1339,262
prefill,1340,413
prefill,1341,318
prefill,1342,7333
prefill,1343,397
prefill,1344,50901
prefill,1345,8013
prefill,1346,22464
prefill,1347,8
prefill,1348,313
prefill,1349,198
prefill,1350,285
prefill,1351,460
prefill,1352,4011
prefill,1353,397
prefill,1354,50901
prefill,1355,8013
prefill,1356,22464
prefill,1357,12224
prefill,1358,11
prefill,1359,15167
prefill,1360,1174
prefill,1361,198
prefill,1362,262
prefill,1363,333
prefill,1364,198
prefill,1365,262
prefill,1366,460
prefill,1367,54802
prefill,1368,2581
prefill,1369,9070
prefill,1370,8560
prefill,1371,26
prefill,1372,198
prefill,1373,92
prefill,1374,271
prefill,1375,972
prefill,1376,50285
prefill,1377,980
prefill,1378,38681
prefill,1379,7530
prefill,1380,21139
prefill,1381,3163
prefill,1382,70
prefill,1383,980
prefill,1384,38681
prefill,1385,7530
prefill,1386,516
prefill,1387,4011
prefill,1388,11
prefill,1389,2535
prefill,1390,23
prefill,1391,516
prefill,1392,869
prefill,1393,8
prefill,1394,313
prefill,1395,198
prefill,1396,262
prefill,1397,54802
prefill,1398,2581
prefill,1399,11458
prefill,1400,12224
prefill,1401,1174
prefill,1402,198
prefill,1403,262
prefill,1404,434
prefill,1405,2708
prefill,1406,369
prefill,1407,9801
prefill,1408,413
prefill,1409,279
prefill,1410,4011
prefill,1411,369
prefill,1412,6942
prefill,1413,26931
prefill,1414,198
prefill,1415,262
prefill,1416,413
prefill,1417,318
prefill,1418,7333
prefill,1419,397
prefill,1420,2073
prefill,1421,606
prefill,1422,220
prefill,1423,15
prefill,1424,8
prefill,1425,313
prefill,1426,198
prefill,1427,285
prefill,1428,460
prefill,1429,26
prefill,1430,198
prefill,1431,262
prefill,1432,333
prefill,1433,271
prefill,1434,262
prefill,1435,4011
prefill,1436,397
prefill,1437,50901
prefill,1438,7191
prefill,1439,12224
prefill,1440,11
prefill,1441,869
prefill,1442,1174
prefill,1443,198
prefill,1444,92
prefill,1445,271
prefill,1446,2073
prefill,1447,516
prefill,1448,50285
prefill,1449,980
prefill,1450,38681
prefill,1451,7530
prefill,1452,2964
prefill,1453,49288
prefill,1454,3163
prefill,1455,70
prefill,1456,980
prefill,1457,38681
prefill,1458,7530
prefill,1459,516
prefill,1460,4011
prefill,1461,8
prefill,1462,313
prefill,1463,198
prefill,1464,262
prefill,1465,460
prefill,1466,50285
prefill,1467,980
prefill,1468,38681
prefill,1469,853
prefill,1470,86064
prefill,1471,2964
prefill,1472,49288
prefill,1473,3163
prefill,1474,70
prefill,1475,980
prefill,1476,38681
prefill,1477,7530
prefill,1478,2964
prefill,1479,1756
prefill,1480,12224
prefill,1481,5722
prefill,1482,198
prefill,1483,92
prefill,1484,271
prefill,1485,2073
prefill,1486,516
prefill,1487,50285
prefill,1488,980
prefill,1489,38681
prefill,1490,7530
prefill,1491,2964
prefill,1492,6144
prefill,1493,2291
prefill,1494,3163
prefill,1495,70
prefill,1496,980
prefill,1497,38681
prefill,1498,7530
prefill,1499,516
prefill,1500,4011
prefill,1501,8
prefill,1502,313
prefill,1503,198
prefill,1504,262
prefill,1505,460
prefill,1506,50285
prefill,1507,980
prefill,1508,38681
prefill,1509,853
prefill,1510,86064
prefill,1511,2964
prefill,1512,6144
prefill,1513,2291
prefill,1514,3163
prefill,1515,70
prefill,1516,980
prefill,1517,38681
prefill,1518,7530
prefill,1519,2964
prefill,1520,1756
prefill,1521,12224
prefill,1522,5722
prefill,1523,198
prefill,1524,92
prefill,1525,271
prefill,1526,2073
prefill,1527,516
prefill,1528,50285
prefill,1529,980
prefill,1530,38681
prefill,1531,7530
prefill,1532,2964
prefill,1533,14373
prefill,1534,2291
prefill,1535,3163
prefill,1536,70
prefill,1537,980
prefill,1538,38681
prefill,1539,7530
prefill,1540,516
prefill,1541,4011
prefill,1542,11
prefill,1543,713
prefill,1544,1968
prefill,1545,50285
prefill,1546,980
prefill,1547,22464
prefill,1548,348
prefill,1549,15167
prefill,1550,8
prefill,1551,313
prefill,1552,198
prefill,1553,262
prefill,1554,460
prefill,1555,50285
prefill,1556,980
prefill,1557,38681
prefill,1558,853
prefill,1559,86064
prefill,1560,2964
prefill,1561,14373
prefill,1562,2291
prefill,1563,3163
prefill,1564,70
prefill,1565,980
prefill,1566,38681
prefill,1567,7530
prefill,1568,2964
prefill,1569,1756
prefill,1570,12224
prefill,1571,681
prefill,1572,15167
prefill,1573,1174
prefill,1574,198
prefill,1575,92
prefill,1576,271
prefill,1577,2554
prefill,1578,50285
prefill,1579,980
prefill,1580,38681
prefill,1581,7530
prefill,1582,6677
prefill,1583,12480
prefill,1584,3163
prefill,1585,70
prefill,1586,980
prefill,1587,38681
prefill,1588,7530
prefill,1589,516
prefill,1590,4011
prefill,1591,8
prefill,1592,313
prefill,1593,198
prefill,1594,262
prefill,1595,460
prefill,1596,50285
prefill,1597,980
prefill,1598,38681
prefill,1599,853
prefill,1600,86064
prefill,1601,6677
prefill,1602,12480
prefill,1603,3163
prefill,1604,70
prefill,1605,980
prefill,1606,38681
prefill,1607,7530
prefill,1608,2964
prefill,1609,1756
prefill,1610,12224
prefill,1611,5722
prefill,1612,198
prefill,1613,92
prefill,1614,271
prefill,1615,972
prefill,1616,50285
prefill,1617,980
prefill,1618,38681
prefill,1619,7530
prefill,1620,2516
prefill,1621,30470
prefill,1622,3163
prefill,1623,70
prefill,1624,980
prefill,1625,38681
prefill,1626,7530
prefill,1627,516
prefill,1628,4011
prefill,1629,11
prefill,1630,7376
prefill,1631,50285
prefill,1632,980
prefill,1633,38681
prefill,1634,7530
prefill,1635,30470
prefill,1636,10121
prefill,1637,8
prefill,1638,313
prefill,1639,198
prefill,1640,262
prefill,1641,54802
prefill,1642,2581
prefill,1643,11458
prefill,1644,12224
prefill,1645,1174
prefill,1646,198
prefill,1647,262
prefill,1648,4011
prefill,1649,397
prefill,1650,17172
prefill,1651,283
prefill,1652,10121
prefill,1653,26
prefill,1654,271
prefill,1655,262
prefill,1656,434
prefill,1657,26585
prefill,1658,25
prefill,1659,884
prefill,1660,264
prefill,1661,13553
prefill,1662,4667
prefill,1663,310
prefill,1664,279
prefill,1665,4011
prefill,1666,3622
prefill,1667,198
prefill,1668,262
prefill,1669,413
prefill,1670,318
prefill,1671,13985
prefill,1672,980
prefill,1673,38681
prefill,1674,7530
prefill,1675,6677
prefill,1676,24337
prefill,1677,7530
prefill,1678,12224
prefill,1679,578
prefill,1680,313
prefill,1681,198
prefill,1682,285
prefill,1683,50285
prefill,1684,980
prefill,1685,38681
prefill,1686,24337
prefill,1687,7530
prefill,1688,2516
prefill,1689,30470
prefill,1690,12224
prefill,1691,11
prefill,1692,10121
prefill,1693,1174
prefill,1694,198
prefill,1695,262
prefill,1696,333
prefill,1697,745
prefill,1698,413
prefill,1699,318
prefill,1700,13985
prefill,1701,980
prefill,1702,38681
prefill,1703,7530
prefill,1704,6677
prefill,1705,12994
prefill,1706,12224
prefill,1707,578
prefill,1708,313
prefill,1709,198
prefill,1710,285
prefill,1711,50285
prefill,1712,980
prefill,1713,38681
prefill,1714,12994
prefill,1715,7530
prefill,1716,2516
prefill,1717,30470
prefill,1718,12224
prefill,1719,11
prefill,1720,10121
prefill,1721,1174
prefill,1722,198
prefill,1723,262
prefill,1724,333
prefill,1725,198
prefill,1726,92
prefill,1727,271
prefill,1728,8746
prefill,1729,50285
prefill,1730,980
prefill,1731,38681
prefill,1732,7530
prefill,1733,30470
prefill,1734,50285
prefill,1735,980
prefill,1736,38681
prefill,1737,7530
prefill,1738,2964
prefill,1739,30470
prefill,1740,3163
prefill,1741,70
prefill,1742,980
prefill,1743,38681
prefill,1744,7530
prefill,1745,516
prefill,1746,4011
prefill,1747,8
prefill,1748,313
prefill,1749,198
prefill,1750,262
prefill,1751,54802
prefill,1752,2581
prefill,1753,11458
prefill,1754,12224
prefill,1755,1174
prefill,1756,198
prefill,1757,262
prefill,1758,460
prefill,1759,4011
prefill,1760,397
prefill,1761,17172
prefill,1762,26
prefill,1763,198
prefill,1764,92
prefill,1765,271
prefill,1766,13985
prefill,1767,980
prefill,1768,38681
prefill,1769,7530
prefill,1770,1756
prefill,1771,516
prefill,1772,50285
prefill,1773,980
prefill,1774,38681
prefill,1775,7530
prefill,1776,2964
prefill,1777,1756
prefill,1778,3163
prefill,1779,70
prefill,1780,980
prefill,1781,38681
prefill,1782,7530
prefill,1783,516
prefill,1784,4011
prefill,1785,8
prefill,1786,313
prefill,1787,198
prefill,1788,262
prefill,1789,54802
prefill,1790,2581
prefill,1791,11458
prefill,1792,12224
prefill,1793,1174
prefill,1794,198
prefill,1795,262
prefill,1796,460
prefill,1797,4011
prefill,1798,397
prefill,1799,19044
prefill,1800,703
prefill,1801,26
prefill,1802,198
prefill,1803,92
prefill,1804,271
prefill,1805,972
prefill,1806,50285
prefill,1807,980
prefill,1808,38681
prefill,1809,7530
prefill,1810,18410
prefill,1811,3163
prefill,1812,70
prefill,1813,980
prefill,1814,38681
prefill,1815,7530
prefill,1816,516
prefill,1817,4011
prefill,1818,8
prefill,1819,313
prefill,1820,198
prefill,1821,262
prefill,1822,54802
prefill,1823,2581
prefill,1824,11458
prefill,1825,12224
prefill,1826,1174
prefill,1827,198
prefill,1828,262
prefill,1829,413
prefill,1830,318
prefill,1831,7333
prefill,1832,397
prefill,1833,50901
prefill,1834,13460
prefill,1835,8
prefill,1836,313
prefill,1837,198
prefill,1838,285
prefill,1839,4011
prefill,1840,397
prefill,1841,50901
prefill,1842,13460
prefill,1843,12224
prefill,1844,1174
prefill,1845,198
prefill,1846,262
prefill,1847,333
prefill,1848,198
prefill,1849,92
prefill,1850,271
prefill,1851,2554
prefill,1852,50285
prefill,1853,980
prefill,1854,38681
prefill,1855,7530
prefill,1856,15622
prefill,1857,22464
prefill,1858,2654
prefill,1859,1968
prefill,1860,50285
prefill,1861,980
prefill,1862,22464
prefill,1863,348
prefill,1864,2212
prefill,1865,11
prefill,1866,1968
prefill,1867,50285
prefill,1868,980
prefill,1869,22464
prefill,1870,348
prefill,1871,10333
prefill,1872,8
prefill,1873,313
prefill,1874,198
prefill,1875,262
prefill,1876,50285
prefill,1877,980
prefill,1878,38681
prefill,1879,7530
prefill,1880,516
prefill,1881,10333
prefill,1882,10055
prefill,1883,283
prefill,1884,10333
prefill,1885,397
prefill,1886,1015
prefill,1887,15795
prefill,1888,907
prefill,1889,10333
prefill,1890,397
prefill,1891,1015
prefill,1892,15795
prefill,1893,397
prefill,1894,7333
prefill,1895,535
prefill,1896,10333
prefill,1897,397
prefill,1898,7333
prefill,1899,26
prefill,1900,198
prefill,1901,262
prefill,1902,413
prefill,1903,318
prefill,1904,15199
prefill,1905,10055
prefill,1906,397
prefill,1907,50901
prefill,1908,508
prefill,1909,3181
prefill,1910,22464
prefill,1911,8
prefill,1912,313
prefill,1913,198
prefill,1914,285
prefill,1915,460
prefill,1916,10333
prefill,1917,10055
prefill,1918,397
prefill,1919,50901
prefill,1920,508
prefill,1921,3181
prefill,1922,22464
prefill,1923,29273
prefill,1924,10055
prefill,1925,11
prefill,1926,2212
prefill,1927,11
prefill,1928,10333
prefill,1929,1174
prefill,1930,198
prefill,1931,262
prefill,1932,333
prefill,1933,198
prefill,1934,262
prefill,1935,460
prefill,1936,867
prefill,1937,26
prefill,1938,198
prefill,1939,92
prefill,1940,271
prefill,1941,320
prefill,1942,18583
prefill,1943,271
prefill,1944,13985
prefill,1945,980
prefill,1946,42306
prefill,1947,516
prefill,1948,50285
prefill,1949,980
prefill,1950,38681
prefill,1951,42306
prefill,1952,3163
prefill,1953,70
prefill,1954,980
prefill,1955,38681
prefill,1956,516
prefill,1957,18583
prefill,1958,8
prefill,1959,313
prefill,1960,198
prefill,1961,262
prefill,1962,413
prefill,1963,318
prefill,1964,20302
prefill,1965,606
prefill,1966,1708
prefill,1967,8
prefill,1968,313
prefill,1969,198
prefill,1970,285
prefill,1971,460
prefill,1972,1708
prefill,1973,26
prefill,1974,198
prefill,1975,262
prefill,1976,333
prefill,1977,198
prefill,1978,262
prefill,1979,460
prefill,1980,18583
prefill,1981,397
prefill,1982,22716
prefill,1983,26
prefill,1984,198
prefill,1985,92
prefill,1986,271
prefill,1987,989
prefill,1988,1122
prefill,1989,348
prefill,1990,50285
prefill,1991,980
prefill,1992,38681
prefill,1993,1224
prefill,1994,3163
prefill,1995,70
prefill,1996,980
prefill,1997,38681
prefill,1998,516
prefill,1999,18583
prefill,2000,8
prefill,2001,313
prefill,2002,198
prefill,2003,262
prefill,2004,413
prefill,2005,318
prefill,2006,20302
prefill,2007,606
prefill,2008,1708
prefill,2009,8
prefill,2010,313
prefill,2011,198
prefill,2012,285
prefill,2013,460
prefill,2014,328
prefill,2015,4427
prefill,2016,4961
prefill,2017,198
prefill,2018,262
prefill,2019,333
prefill,2020,198
prefill,2021,262
prefill,2022,460
prefill,2023,18583
prefill,2024,397
prefill,2025,50901
prefill,2026,652
prefill,2027,1224
prefill,2028,7
prefill,2029,20302
prefill,2030,1174
prefill,2031,198
prefill,2032,92
prefill,2033,271
prefill,2034,972
prefill,2035,50285
prefill,2036,980
prefill,2037,38681
prefill,2038,8636
prefill,2039,3163
prefill,2040,70
prefill,2041,980
prefill,2042,38681
prefill,2043,516
prefill,2044,18583
prefill,2045,8
prefill,2046,313
prefill,2047,198
prefill,2048,262
prefill,2049,413
prefill,2050,318
prefill,2051,20302
prefill,2052,606
prefill,2053,1708
prefill,2054,8
prefill,2055,313
prefill,2056,198
prefill,2057,285
prefill,2058,460
prefill,2059,26
prefill,2060,198
prefill,2061,262
prefill,2062,333
prefill,2063,271
prefill,2064,262
prefill,2065,18583
prefill,2066,397
prefill,2067,50901
prefill,2068,44078
prefill,2069,7
prefill,2070,20302
prefill,2071,1174
prefill,2072,198
prefill,2073,92
prefill,2074,271
prefill,2075,13985
prefill,2076,980
prefill,2077,38681
prefill,2078,7530
prefill,2079,1756
prefill,2080,516
prefill,2081,50285
prefill,2082,980
prefill,2083,38681
prefill,2084,2964
prefill,2085,9697
prefill,2086,7530
prefill,2087,1756
prefill,2088,3163
prefill,2089,70
prefill,2090,980
prefill,2091,38681
prefill,2092,516
prefill,2093,18583
prefill,2094,8
prefill,2095,313
prefill,2096,198
prefill,2097,262
prefill,2098,54802
prefill,2099,2581
prefill,2100,11458
prefill,2101,7
prefill,2102,20302
prefill,2103,1174
prefill,2104,198
prefill,2105,262
prefill,2106,460
prefill,2107,50285
prefill,2108,980
prefill,2109,38681
prefill,2110,10123
prefill,2111,7530
prefill,2112,1756
prefill,2113,7
prefill,2114,20302
prefill,2115,397
prefill,2116,5920
prefill,2117,1174
prefill,2118,198
prefill,2119,92
prefill,2120,271
prefill,2121,13985
prefill,2122,980
prefill,2123,38681
prefill,2124,7530
prefill,2125,516
prefill,2126,50285
prefill,2127,980
prefill,2128,38681
prefill,2129,14373
prefill,2130,7530
prefill,2131,3163
prefill,2132,70
prefill,2133,980
prefill,2134,38681
prefill,2135,516
prefill,2136,18583
prefill,2137,11
prefill,2138,1331
prefill,2139,516
prefill,2140,1331
prefill,2141,8
prefill,2142,313
prefill,2143,198
prefill,2144,262
prefill,2145,460
prefill,2146,50285
prefill,2147,980
prefill,2148,38681
prefill,2149,853
prefill,2150,86064
prefill,2151,14373
prefill,2152,7530
prefill,2153,3163
prefill,2154,70
prefill,2155,980
prefill,2156,38681
prefill,2157,2964
prefill,2158,9697
prefill,2159,7530
prefill,2160,1756
prefill,2161,7
prefill,2162,20302
prefill,2163,681
prefill,2164,1331
prefill,2165,1174
prefill,2166,198
prefill,2167,92
prefill,2168,271
prefill,2169,2073
prefill,2170,516
prefill,2171,50285
prefill,2172,980
prefill,2173,38681
prefill,2174,2964
prefill,2175,49288
prefill,2176,3163
prefill,2177,70
prefill,2178,980
prefill,2179,38681
prefill,2180,516
prefill,2181,18583
prefill,2182,8
prefill,2183,313
prefill,2184,198
prefill,2185,262
prefill,2186,460
prefill,2187,50285
prefill,2188,980
prefill,2189,38681
prefill,2190,853
prefill,2191,86064
prefill,2192,2964
prefill,2193,49288
prefill,2194,3163
prefill,2195,70
prefill,2196,980
prefill,2197,38681
prefill,2198,2964
prefill,2199,9697
prefill,2200,7530
prefill,2201,1756
prefill,2202,7
prefill,2203,20302
prefill,2204,5722
prefill,2205,198
prefill,2206,92
prefill,2207,271
prefill,2208,2073
prefill,2209,516
prefill,2210,50285
prefill,2211,980
prefill,2212,38681
prefill,2213,2964
prefill,2214,6144
prefill,2215,2291
prefill,2216,3163
prefill,2217,70
prefill,2218,980
prefill,2219,38681
prefill,2220,516
prefill,2221,18583
prefill,2222,8
prefill,2223,313
prefill,2224,198
prefill,2225,262
prefill,2226,460
prefill,2227,50285
prefill,2228,980
prefill,2229,38681
prefill,2230,853
prefill,2231,86064
prefill,2232,2964
prefill,2233,6144
prefill,2234,2291
prefill,2235,3163
prefill,2236,70
prefill,2237,980
prefill,2238,38681
prefill,2239,2964
prefill,2240,9697
prefill,2241,7530
prefill,2242,1756
prefill,2243,7
prefill,2244,20302
prefill,2245,5722
prefill,2246,198
prefill,2247,92
prefill,2248,271
prefill,2249,972
prefill,2250,50285
prefill,2251,980
prefill,2252,38681
prefill,2253,22464
prefill,2254,2516
prefill,2255,27424
prefill,2256,3163
prefill,2257,70
prefill,2258,980
prefill,2259,38681
prefill,2260,516
prefill,2261,18583
prefill,2262,11
prefill,2263,1968
prefill,2264,50285
prefill,2265,980
prefill,2266,22464
prefill,2267,348
prefill,2268,15167
prefill,2269,11
prefill,2270,713
prefill,2271,715
prefill,2272,348
prefill,2273,795
prefill,2274,11
prefill,2275,1331
prefill,2276,516
prefill,2277,4206
prefill,2278,11
prefill,2279,1331
prefill,2280,516
prefill,2281,1331
prefill,2282,8
prefill,2283,313
prefill,2284,198
prefill,2285,262
prefill,2286,54802
prefill,2287,2581
prefill,2288,11458
prefill,2289,7
prefill,2290,20302
prefill,2291,1174
prefill,2292,198
prefill,2293,262
prefill,2294,54802
prefill,2295,2581
prefill,2296,11458
prefill,2297,83056
prefill,2298,1174
prefill,2299,198
prefill,2300,262
prefill,2301,54802
prefill,2302,2581
prefill,2303,11458
prefill,2304,83056
prefill,2305,397
prefill,2306,673
prefill,2307,931
prefill,2308,1708
prefill,2309,976
prefill,2310,328
prefill,2311,44572
prefill,2312,524
prefill,2313,19591
prefill,2314,4876
prefill,2315,198
prefill,2316,262
prefill,2317,54802
prefill,2318,2581
prefill,2319,11458
prefill,2320,25408
prefill,2321,478
prefill,2322,1331
prefill,2323,2564
prefill,2324,50285
prefill,2325,980
prefill,2326,1054
prefill,2327,9363
prefill,2328,83056
prefill,2329,8
prefill,2330,976
prefill,2331,328
prefill,2332,44572
prefill,2333,3165
prefill,2334,680
prefill,2335,314
prefill,2336,13854
prefill,2337,4876
prefill,2338,271
prefill,2339,262
prefill,2340,413
prefill,2341,318
prefill,2342,20302
prefill,2343,397
prefill,2344,50901
prefill,2345,949
prefill,2346,22464
prefill,2347,27424
prefill,2348,606
prefill,2349,1708
prefill,2350,8
prefill,2351,313
prefill,2352,198
prefill,2353,285
prefill,2354,50285
prefill,2355,980
prefill,2356,38681
prefill,2357,625
prefill,2358,51012
prefill,2359,7
prefill,2360,20302
prefill,2361,1174
prefill,2362,198
prefill,2363,285
prefill,2364,50285
prefill,2365,980
prefill,2366,38681
prefill,2367,22464
prefill,2368,2516
prefill,2369,83056
prefill,2370,11
prefill,2371,795
prefill,2372,11
prefill,2373,4206
prefill,2374,11
prefill,2375,1331
prefill,2376,1174
prefill,2377,198
prefill,2378,262
prefill,2379,333
prefill,2380,745
prefill,2381,313
prefill,2382,198
prefill,2383,285
prefill,2384,18583
prefill,2385,397
prefill,2386,50901
prefill,2387,949
prefill,2388,22464
prefill,2389,27424
prefill,2390,7
prefill,2391,20302
prefill,2392,11
prefill,2393,15167
prefill,2394,11
prefill,2395,795
prefill,2396,11
prefill,2397,4206
prefill,2398,11
prefill,2399,1331
prefill,2400,1174
prefill,2401,198
prefill,2402,262
prefill,2403,333
prefill,2404,198
prefill,2405,92
prefill,2406,271
prefill,2407,972
prefill,2408,50285
prefill,2409,980
prefill,2410,38681
prefill,2411,22464
prefill,2412,2964
prefill,2413,27424
prefill,2414,3163
prefill,2415,70
prefill,2416,980
prefill,2417,38681
prefill,2418,516
prefill,2419,18583
prefill,2420,11
prefill,2421,713
prefill,2422,1968
prefill,2423,50285
prefill,2424,980
prefill,2425,22464
prefill,2426,348
prefill,2427,15167
prefill,2428,11
prefill,2429,715
prefill,2430,348
prefill,2431,795
prefill,2432,11
prefill,2433,1331
prefill,2434,516
prefill,2435,4206
prefill,2436,11
prefill,2437,1331
prefill,2438,516
prefill,2439,1331
prefill,2440,8
prefill,2441,313
prefill,2442,198
prefill,2443,262
prefill,2444,54802
prefill,2445,2581
prefill,2446,11458
prefill,2447,7
prefill,2448,20302
prefill,2449,1174
prefill,2450,198
prefill,2451,262
prefill,2452,54802
prefill,2453,2581
prefill,2454,11458
prefill,2455,83056
prefill,2456,1174
prefill,2457,198
prefill,2458,262
prefill,2459,54802
prefill,2460,2581
prefill,2461,11458
prefill,2462,83056
prefill,2463,397
prefill,2464,673
prefill,2465,931
prefill,2466,1708
prefill,2467,976
prefill,2468,328
prefill,2469,44572
prefill,2470,524
prefill,2471,19591
prefill,2472,4876
prefill,2473,198
prefill,2474,262
prefill,2475,54802
prefill,2476,2581
prefill,2477,11458
prefill,2478,25408
prefill,2479,478
prefill,2480,1331
prefill,2481,2564
prefill,2482,50285
prefill,2483,980
prefill,2484,1054
prefill,2485,9363
prefill,2486,83056
prefill,2487,8
prefill,2488,976
prefill,2489,328
prefill,2490,44572
prefill,2491,1301
prefill,2492,680
prefill,2493,314
prefill,2494,13854
prefill,2495,4876
prefill,2496,271
prefill,2497,262
prefill,2498,413
prefill,2499,318
prefill,2500,20302
prefill,2501,397
prefill,2502,50901
prefill,2503,652
prefill,2504,22464
prefill,2505,27424
prefill,2506,606
prefill,2507,1708
prefill,2508,8
prefill,2509,313
prefill,2510,198
prefill,2511,285
prefill,2512,50285
prefill,2513,980
prefill,2514,38681
prefill,2515,625
prefill,2516,51012
prefill,2517,7
prefill,2518,20302
prefill,2519,1174
prefill,2520,198
prefill,2521,285
prefill,2522,50285
prefill,2523,980
prefill,2524,38681
prefill,2525,22464
prefill,2526,2964
prefill,2527,83056
prefill,2528,11
prefill,2529,795
prefill,2530,11
prefill,2531,4206
prefill,2532,11
prefill,2533,1331
prefill,2534,1174
prefill,2535,198
prefill,2536,262
prefill,2537,333
prefill,2538,745
prefill,2539,313
prefill,2540,198
prefill,2541,285
prefill,2542,18583
prefill,2543,397
prefill,2544,50901
prefill,2545,652
prefill,2546,22464
prefill,2547,27424
prefill,2548,7
prefill,2549,20302
prefill,2550,11
prefill,2551,15167
prefill,2552,11
prefill,2553,795
prefill,2554,11
prefill,2555,4206
prefill,2556,11
prefill,2557,1331
prefill,2558,1174
prefill,2559,198
prefill,2560,262
prefill,2561,333
prefill,2562,198
prefill,2563,92
prefill,2564,271
prefill,2565,972
prefill,2566,50285
prefill,2567,980
prefill,2568,38681
prefill,2569,22464
prefill,2570,2516
prefill,2571,62
prefill,2572,17
prefill,2573,67
prefill,2574,27424
prefill,2575,3163
prefill,2576,70
prefill,2577,980
prefill,2578,38681
prefill,2579,516
prefill,2580,18583
prefill,2581,11
prefill,2582,1968
prefill,2583,50285
prefill,2584,980
prefill,2585,22464
prefill,2586,348
prefill,2587,15167
prefill,2588,11
prefill,2589,713
prefill,2590,715
prefill,2591,348
prefill,2592,795
prefill,2593,11
prefill,2594,1331
prefill,2595,516
prefill,2596,4206
prefill,2597,11
prefill,2598,1331
prefill,2599,516
prefill,2600,1331
prefill,2601,11
prefill,2602,198
prefill,2603,309
prefill,2604,1331
prefill,2605,516
prefill,2606,307
prefill,2607,648
prefill,2608,72963
prefill,2609,11
prefill,2610,1331
prefill,2611,516
prefill,2612,18648
prefill,2613,22464
prefill,2614,11
prefill,2615,1331
prefill,2616,516
prefill,2617,18648
prefill,2618,1707
prefill,2619,8
prefill,2620,313
prefill,2621,198
prefill,2622,262
prefill,2623,54802
prefill,2624,2581
prefill,2625,11458
prefill,2626,7
prefill,2627,20302
prefill,2628,1174
prefill,2629,198
prefill,2630,262
prefill,2631,54802
prefill,2632,2581
prefill,2633,11458
prefill,2634,83056
prefill,2635,1174
prefill,2636,198
prefill,2637,262
prefill,2638,54802
prefill,2639,2581
prefill,2640,11458
prefill,2641,83056
prefill,2642,397
prefill,2643,673
prefill,2644,931
prefill,2645,1708
prefill,2646,976
prefill,2647,328
prefill,2648,44572
prefill,2649,524
prefill,2650,19591
prefill,2651,4876
prefill,2652,271
prefill,2653,262
prefill,2654,413
prefill,2655,318
prefill,2656,77
prefill,2657,648
prefill,2658,72963
prefill,2659,2564
prefill,2660,220
prefill,2661,16
prefill,2662,1321
prefill,2663,18583
prefill,2664,397
prefill,2665,50901
prefill,2666,949
prefill,2667,22464
prefill,2668,62
prefill,2669,17
prefill,2670,67
prefill,2671,27424
prefill,2672,606
prefill,2673,1708
prefill,2674,8
prefill,2675,313
prefill,2676,198
prefill,2677,285
prefill,2678,364
prefill,2679,318
prefill,2680,2073
prefill,2681,516
prefill,2682,585
prefill,2683,283
prefill,2684,220
prefill,2685,15
prefill,2686,26
prefill,2687,585
prefill,2688,361
prefill,2689,307
prefill,2690,648
prefill,2691,72963
prefill,2692,26
prefill,2693,585
prefill,2694,2377
prefill,2695,313
prefill,2696,198
prefill,2697,309
prefill,2698,50285
prefill,2699,980
prefill,2700,38681
prefill,2701,22464
prefill,2702,2516
prefill,2703,27424
prefill,2704,7
prefill,2705,20302
prefill,2706,11
prefill,2707,15167
prefill,2708,11
prefill,2709,318
prefill,2710,989
prefill,2711,1122
prefill,2712,2501
prefill,2713,795
prefill,2714,478
prefill,2715,585
prefill,2716,9
prefill,2717,45487
prefill,2718,1707
prefill,2719,11
prefill,2720,4206
prefill,2721,478
prefill,2722,585
prefill,2723,9
prefill,2724,45487
prefill,2725,22464
prefill,2726,11
prefill,2727,1331
prefill,2728,1174
prefill,2729,198
prefill,2730,285
prefill,2731,333
prefill,2732,198
prefill,2733,285
prefill,2734,460
prefill,2735,26
prefill,2736,198
prefill,2737,262
prefill,2738,333
prefill,2739,198
prefill,2740,262
prefill,2741,413
prefill,2742,318
prefill,2743,2073
prefill,2744,606
prefill,2745,220
prefill,2746,15
prefill,2747,8
prefill,2748,313
prefill,2749,198
prefill,2750,285
prefill,2751,460
prefill,2752,26
prefill,2753,198
prefill,2754,262
prefill,2755,333
prefill,2756,271
prefill,2757,262
prefill,2758,54802
prefill,2759,2581
prefill,2760,11458
prefill,2761,83056
prefill,2762,397
prefill,2763,673
prefill,2764,931
prefill,2765,1708
prefill,2766,976
prefill,2767,328
prefill,2768,44572
prefill,2769,524
prefill,2770,19591
prefill,2771,4876
prefill,2772,198
prefill,2773,262
prefill,2774,54802
prefill,2775,2581
prefill,2776,11458
prefill,2777,25408
prefill,2778,478
prefill,2779,318
prefill,2780,77
prefill,2781,648
prefill,2782,72963
prefill,2783,12
prefill,2784,16
prefill,2785,4653
prefill,2786,45487
prefill,2787,22464
prefill,2788,478
prefill,2789,1331
prefill,2790,2564
prefill,2791,50285
prefill,2792,980
prefill,2793,1054
prefill,2794,9363
prefill,2795,83056
prefill,2796,8
prefill,2797,976
prefill,2798,328
prefill,2799,44572
prefill,2800,3165
prefill,2801,680
prefill,2802,314
prefill,2803,13854
prefill,2804,4876
prefill,2805,198
prefill,2806,262
prefill,2807,18583
prefill,2808,397
prefill,2809,50901
prefill,2810,949
prefill,2811,22464
prefill,2812,62
prefill,2813,17
prefill,2814,67
prefill,2815,27424
prefill,2816,7
prefill,2817,20302
prefill,2818,11
prefill,2819,15167
prefill,2820,11
prefill,2821,795
prefill,2822,11
prefill,2823,4206
prefill,2824,11
prefill,2825,1331
prefill,2826,11
prefill,2827,307
prefill,2828,648
prefill,2829,72963
prefill,2830,11
prefill,2831,18648
prefill,2832,22464
prefill,2833,11
prefill,2834,18648
prefill,2835,1707
prefill,2836,1174
prefill,2837,198
prefill,2838,92
prefill,2839,271
prefill,2840,972
prefill,2841,50285
prefill,2842,980
prefill,2843,38681
prefill,2844,22464
prefill,2845,2964
prefill,2846,62
prefill,2847,17
prefill,2848,67
prefill,2849,27424
prefill,2850,3163
prefill,2851,70
prefill,2852,980
prefill,2853,38681
prefill,2854,516
prefill,2855,18583
prefill,2856,11
prefill,2857,713
prefill,2858,1968
prefill,2859,50285
prefill,2860,980
prefill,2861,22464
prefill,2862,348
prefill,2863,15167
prefill,2864,11
prefill,2865,715
prefill,2866,348
prefill,2867,795
prefill,2868,11
prefill,2869,1331
prefill,2870,516
prefill,2871,4206
prefill,2872,11
prefill,2873,1331
prefill,2874,516
prefill,2875,1331
prefill,2876,11
prefill,2877,198
prefill,2878,309
prefill,2879,1331
prefill,2880,516
prefill,2881,307
prefill,2882,648
prefill,2883,72963
prefill,2884,11
prefill,2885,1331
prefill,2886,516
prefill,2887,18648
prefill,2888,22464
prefill,2889,11
prefill,2890,1331
prefill,2891,516
prefill,2892,18648
prefill,2893,1707
prefill,2894,8
prefill,2895,313
prefill,2896,198
prefill,2897,262
prefill,2898,54802
prefill,2899,2581
prefill,2900,11458
prefill,2901,7
prefill,2902,20302
prefill,2903,1174
prefill,2904,198
prefill,2905,262
prefill,2906,54802
prefill,2907,2581
prefill,2908,11458
prefill,2909,83056
prefill,2910,1174
prefill,2911,198
prefill,2912,262
prefill,2913,54802
prefill,2914,2581
prefill,2915,11458
prefill,2916,83056
prefill,2917,397
prefill,2918,673
prefill,2919,931
prefill,2920,1708
prefill,2921,976
prefill,2922,328
prefill,2923,44572
prefill,2924,524
prefill,2925,19591
prefill,2926,4876
prefill,2927,271
prefill,2928,262
prefill,2929,413
prefill,2930,318
prefill,2931,77
prefill,2932,648
prefill,2933,72963
prefill,2934,2564
prefill,2935,220
prefill,2936,16
prefill,2937,1321
prefill,2938,18583
prefill,2939,397
prefill,2940,50901
prefill,2941,652
prefill,2942,22464
prefill,2943,62
prefill,2944,17
prefill,2945,67
prefill,2946,27424
prefill,2947,606
prefill,2948,1708
prefill,2949,8
prefill,2950,313
prefill,2951,198
prefill,2952,285
prefill,2953,364
prefill,2954,318
prefill,2955,2073
prefill,2956,516
prefill,2957,585
prefill,2958,283
prefill,2959,220
prefill,2960,15
prefill,2961,26
prefill,2962,585
prefill,2963,361
prefill,2964,307
prefill,2965,648
prefill,2966,72963
prefill,2967,26
prefill,2968,585
prefill,2969,2377
prefill,2970,313
prefill,2971,198
prefill,2972,309
prefill,2973,50285
prefill,2974,980
prefill,2975,38681
prefill,2976,22464
prefill,2977,2964
prefill,2978,27424
prefill,2979,7
prefill,2980,20302
prefill,2981,11
prefill,2982,15167
prefill,2983,11
prefill,2984,318
prefill,2985,1700
prefill,2986,2501
prefill,2987,795
prefill,2988,478
prefill,2989,585
prefill,2990,9
prefill,2991,45487
prefill,2992,1707
prefill,2993,11
prefill,2994,4206
prefill,2995,478
prefill,2996,585
prefill,2997,9
prefill,2998,45487
prefill,2999,22464
prefill,3000,11
prefill,3001,1331
prefill,3002,1174
prefill,3003,198
prefill,3004,285
prefill,3005,333
prefill,3006,198
prefill,3007,285
prefill,3008,460
prefill,3009,26
prefill,3010,198
prefill,3011,262
prefill,3012,333
prefill,3013,198
prefill,3014,262
prefill,3015,413
prefill,3016,318
prefill,3017,2073
prefill,3018,606
prefill,3019,220
prefill,3020,15
prefill,3021,8
prefill,3022,313
prefill,3023,198
prefill,3024,285
prefill,3025,460
prefill,3026,26
prefill,3027,198
prefill,3028,262
prefill,3029,333
prefill,3030,271
prefill,3031,262
prefill,3032,54802
prefill,3033,2581
prefill,3034,11458
prefill,3035,83056
prefill,3036,397
prefill,3037,673
prefill,3038,931
prefill,3039,1708
prefill,3040,976
prefill,3041,328
prefill,3042,44572
prefill,3043,524
prefill,3044,19591
prefill,3045,4876
prefill,3046,198
prefill,3047,262
prefill,3048,54802
prefill,3049,2581
prefill,3050,11458
prefill,3051,25408
prefill,3052,478
prefill,3053,318
prefill,3054,77
prefill,3055,648
prefill,3056,72963
prefill,3057,12
prefill,3058,16
prefill,3059,4653
prefill,3060,45487
prefill,3061,22464
prefill,3062,478
prefill,3063,1331
prefill,3064,2564
prefill,3065,50285
prefill,3066,980
prefill,3067,1054
prefill,3068,9363
prefill,3069,83056
prefill,3070,8
prefill,3071,976
prefill,3072,328
prefill,3073,44572
prefill,3074,1301
prefill,3075,680
prefill,3076,314
prefill,3077,13854
prefill,3078,4876
prefill,3079,198
prefill,3080,262
prefill,3081,18583
prefill,3082,397
prefill,3083,50901
prefill,3084,652
prefill,3085,22464
prefill,3086,62
prefill,3087,17
prefill,3088,67
prefill,3089,27424
prefill,3090,7
prefill,3091,20302
prefill,3092,11
prefill,3093,15167
prefill,3094,11
prefill,3095,795
prefill,3096,11
prefill,3097,4206
prefill,3098,11
prefill,3099,1331
prefill,3100,11
prefill,3101,307
prefill,3102,648
prefill,3103,72963
prefill,3104,11
prefill,3105,18648
prefill,3106,22464
prefill,3107,11
prefill,3108,18648
prefill,3109,1707
prefill,3110,1174
prefill,3111,198
prefill,3112,92
prefill,3113,271
prefill,3114,972
prefill,3115,50285
prefill,3116,980
prefill,3117,38681
prefill,3118,22464
prefill,3119,2516
prefill,3120,5970
prefill,3121,50285
prefill,3122,980
prefill,3123,22464
prefill,3124,348
prefill,3125,15167
prefill,3126,11
prefill,3127,713
prefill,3128,715
prefill,3129,348
prefill,3130,795
prefill,3131,11
prefill,3132,1331
prefill,3133,516
prefill,3134,4206
prefill,3135,11
prefill,3136,1331
prefill,3137,516
prefill,3138,1331
prefill,3139,8
prefill,3140,313
prefill,3141,198
prefill,3142,262
prefill,3143,54802
prefill,3144,2581
prefill,3145,11458
prefill,3146,83056
prefill,3147,1174
prefill,3148,198
prefill,3149,262
prefill,3150,50285
prefill,3151,980
prefill,3152,38681
prefill,3153,7530
prefill,3154,516
prefill,3155,6398
prefill,3156,283
prefill,3157,15167
prefill,3158,397
prefill,3159,1015
prefill,3160,15795
prefill,3161,907
prefill,3162,15167
prefill,3163,397
prefill,3164,1015
prefill,3165,15795
prefill,3166,397
prefill,3167,7333
prefill,3168,535
prefill,3169,15167
prefill,3170,397
prefill,3171,7333
prefill,3172,26
prefill,3173,198
prefill,3174,262
prefill,3175,54802
prefill,3176,2581
prefill,3177,11458
prefill,3178,10415
prefill,3179,931
prefill,3180,1708
prefill,3181,976
prefill,3182,328
prefill,3183,44572
prefill,3184,4011
prefill,3185,524
prefill,3186,716
prefill,3187,4876
prefill,3188,271
prefill,3189,262
prefill,3190,413
prefill,3191,318
prefill,3192,2073
prefill,3193,606
prefill,3194,220
prefill,3195,15
prefill,3196,8
prefill,3197,313
prefill,3198,198
prefill,3199,285
prefill,3200,460
prefill,3201,26
prefill,3202,198
prefill,3203,262
prefill,3204,333
prefill,3205,271
prefill,3206,262
prefill,3207,54802
prefill,3208,2581
prefill,3209,11458
prefill,3210,83056
prefill,3211,397
prefill,3212,673
prefill,3213,931
prefill,3214,1708
prefill,3215,976
prefill,3216,328
prefill,3217,44572
prefill,3218,524
prefill,3219,19591
prefill,3220,4876
prefill,3221,198
prefill,3222,262
prefill,3223,54802
prefill,3224,2581
prefill,3225,11458
prefill,3226,25408
prefill,3227,478
prefill,3228,1331
prefill,3229,2564
prefill,3230,50285
prefill,3231,980
prefill,3232,1054
prefill,3233,9363
prefill,3234,83056
prefill,3235,8
prefill,3236,976
prefill,3237,328
prefill,3238,44572
prefill,3239,3165
prefill,3240,680
prefill,3241,314
prefill,3242,13854
prefill,3243,4876
prefill,3244,271
prefill,3245,262
prefill,3246,6398
prefill,3247,397
prefill,3248,50901
prefill,3249,949
prefill,3250,22464
prefill,3251,10415
prefill,3252,11
prefill,3253,15167
prefill,3254,11
prefill,3255,795
prefill,3256,11
prefill,3257,4206
prefill,3258,11
prefill,3259,1331
prefill,3260,1174
prefill,3261,198
prefill,3262,92
prefill,3263,271
prefill,3264,972
prefill,3265,50285
prefill,3266,980
prefill,3267,38681
prefill,3268,22464
prefill,3269,2964
prefill,3270,2654
prefill,3271,1968
prefill,3272,50285
prefill,3273,980
prefill,3274,22464
prefill,3275,348
prefill,3276,15167
prefill,3277,11
prefill,3278,715
prefill,3279,348
prefill,3280,795
prefill,3281,11
prefill,3282,1331
prefill,3283,516
prefill,3284,4206
prefill,3285,11
prefill,3286,1331
prefill,3287,516
prefill,3288,1331
prefill,3289,8
prefill,3290,313
prefill,3291,198
prefill,3292,262
prefill,3293,54802
prefill,3294,2581
prefill,3295,11458
prefill,3296,83056
prefill,3297,1174
prefill,3298,198
prefill,3299,262
prefill,3300,50285
prefill,3301,980
prefill,3302,38681
prefill,3303,7530
prefill,3304,516
prefill,3305,6398
prefill,3306,283
prefill,3307,15167
prefill,3308,397
prefill,3309,1015
prefill,3310,15795
prefill,3311,907
prefill,3312,15167
prefill,3313,397
prefill,3314,1015
prefill,3315,15795
prefill,3316,397
prefill,3317,7333
prefill,3318,535
prefill,3319,15167
prefill,3320,397
prefill,3321,7333
prefill,3322,26
prefill,3323,198
prefill,3324,262
prefill,3325,54802
prefill,3326,2581
prefill,3327,11458
prefill,3328,10415
prefill,3329,931
prefill,3330,1708
prefill,3331,976
prefill,3332,328
prefill,3333,44572
prefill,3334,4011
prefill,3335,524
prefill,3336,716
prefill,3337,4876
prefill,3338,271
prefill,3339,262
prefill,3340,413
prefill,3341,318
prefill,3342,2073
prefill,3343,606
prefill,3344,220
prefill,3345,15
prefill,3346,8
prefill,3347,313
prefill,3348,198
prefill,3349,285
prefill,3350,460
prefill,3351,26
prefill,3352,198
prefill,3353,262
prefill,3354,333
prefill,3355,271
prefill,3356,262
prefill,3357,54802
prefill,3358,2581
prefill,3359,11458
prefill,3360,83056
prefill,3361,397
prefill,3362,673
prefill,3363,931
prefill,3364,1708
prefill,3365,976
prefill,3366,328
prefill,3367,44572
prefill,3368,524
prefill,3369,19591
prefill,3370,4876
prefill,3371,198
prefill,3372,262
prefill,3373,54802
prefill,3374,2581
prefill,3375,11458
prefill,3376,25408
prefill,3377,478
prefill,3378,1331
prefill,3379,2564
prefill,3380,50285
prefill,3381,980
prefill,3382,1054
prefill,3383,9363
prefill,3384,83056
prefill,3385,8
prefill,3386,976
prefill,3387,328
prefill,3388,44572
prefill,3389,1301
prefill,3390,680
prefill,3391,314
prefill,3392,13854
prefill,3393,4876
prefill,3394,271
prefill,3395,262
prefill,3396,6398
prefill,3397,397
prefill,3398,50901
prefill,3399,652
prefill,3400,22464
prefill,3401,10415
prefill,3402,11
prefill,3403,15167
prefill,3404,11
prefill,3405,795
prefill,3406,11
prefill,3407,4206
prefill,3408,11
prefill,3409,1331
prefill,3410,1174
prefill,3411,198
prefill,3412,92
prefill,3413,271
prefill,3414,972
prefill,3415,50285
prefill,3416,980
prefill,3417,38681
prefill,3418,22464
prefill,3419,2516
prefill,3420,62
prefill,3421,17
prefill,3422,67
prefill,3423,5970
prefill,3424,50285
prefill,3425,980
prefill,3426,22464
prefill,3427,348
prefill,3428,15167
prefill,3429,11
prefill,3430,713
prefill,3431,715
prefill,3432,348
prefill,3433,795
prefill,3434,11
prefill,3435,1331
prefill,3436,516
prefill,3437,4206
prefill,3438,11
prefill,3439,1331
prefill,3440,516
prefill,3441,1331
prefill,3442,11
prefill,3443,198
prefill,3444,309
prefill,3445,1331
prefill,3446,516
prefill,3447,307
prefill,3448,648
prefill,3449,72963
prefill,3450,11
prefill,3451,1331
prefill,3452,516
prefill,3453,18648
prefill,3454,22464
prefill,3455,11
prefill,3456,1331
prefill,3457,516
prefill,3458,18648
prefill,3459,1707
prefill,3460,8
prefill,3461,313
prefill,3462,198
prefill,3463,262
prefill,3464,54802
prefill,3465,2581
prefill,3466,11458
prefill,3467,83056
prefill,3468,1174
prefill,3469,198
prefill,3470,262
prefill,3471,50285
prefill,3472,980
prefill,3473,38681
prefill,3474,7530
prefill,3475,516
prefill,3476,6398
prefill,3477,283
prefill,3478,15167
prefill,3479,397
prefill,3480,1015
prefill,3481,15795
prefill,3482,907
prefill,3483,15167
prefill,3484,397
prefill,3485,1015
prefill,3486,15795
prefill,3487,397
prefill,3488,7333
prefill,3489,535
prefill,3490,15167
prefill,3491,397
prefill,3492,7333
prefill,3493,26
prefill,3494,198
prefill,3495,262
prefill,3496,54802
prefill,3497,2581
prefill,3498,11458
prefill,3499,10415
prefill,3500,931
prefill,3501,1708
prefill,3502,976
prefill,3503,328
prefill,3504,44572
prefill,3505,4011
prefill,3506,524
prefill,3507,716
prefill,3508,4876
prefill,3509,271
prefill,3510,262
prefill,3511,413
prefill,3512,318
prefill,3513,77
prefill,3514,648
prefill,3515,72963
prefill,3516,2564
prefill,3517,220
prefill,3518,16
prefill,3519,1321
prefill,3520,6398
prefill,3521,397
prefill,3522,50901
prefill,3523,949
prefill,3524,22464
prefill,3525,62
prefill,3526,17
prefill,3527,67
prefill,3528,606
prefill,3529,1708
prefill,3530,8
prefill,3531,313
prefill,3532,198
prefill,3533,285
prefill,3534,364
prefill,3535,318
prefill,3536,2073
prefill,3537,516
prefill,3538,585
prefill,3539,283
prefill,3540,220
prefill,3541,15
prefill,3542,26
prefill,3543,585
prefill,3544,361
prefill,3545,307
prefill,3546,648
prefill,3547,72963
prefill,3548,26
prefill,3549,585
prefill,3550,2377
prefill,3551,313
prefill,3552,198
prefill,3553,309
prefill,3554,50285
prefill,3555,980
prefill,3556,38681
prefill,3557,22464
prefill,3558,2516
prefill,3559,83056
prefill,3560,11
prefill,3561,318
prefill,3562,989
prefill,3563,1122
prefill,3564,2501
prefill,3565,795
prefill,3566,478
prefill,3567,585
prefill,3568,9
prefill,3569,45487
prefill,3570,1707
prefill,3571,11
prefill,3572,4206
prefill,3573,478
prefill,3574,585
prefill,3575,9
prefill,3576,45487
prefill,3577,22464
prefill,3578,11
prefill,3579,1331
prefill,3580,1174
prefill,3581,198
prefill,3582,285
prefill,3583,333
prefill,3584,198
prefill,3585,285
prefill,3586,460
prefill,3587,26
prefill,3588,198
prefill,3589,262
prefill,3590,333
prefill,3591,198
prefill,3592,262
prefill,3593,413
prefill,3594,318
prefill,3595,2073
prefill,3596,606
prefill,3597,220
prefill,3598,15
prefill,3599,8
prefill,3600,313
prefill,3601,198
prefill,3602,285
prefill,3603,460
prefill,3604,26
prefill,3605,198
prefill,3606,262
prefill,3607,333
prefill,3608,271
prefill,3609,262
prefill,3610,54802
prefill,3611,2581
prefill,3612,11458
prefill,3613,83056
prefill,3614,397
prefill,3615,673
prefill,3616,931
prefill,3617,1708
prefill,3618,976
prefill,3619,328
prefill,3620,44572
prefill,3621,524
prefill,3622,19591
prefill,3623,4876
prefill,3624,198
prefill,3625,262
prefill,3626,54802
prefill,3627,2581
prefill,3628,11458
prefill,3629,25408
prefill,3630,478
prefill,3631,318
prefill,3632,77
prefill,3633,648
prefill,3634,72963
prefill,3635,12
prefill,3636,16
prefill,3637,4653
prefill,3638,45487
prefill,3639,22464
prefill,3640,478
prefill,3641,1331
prefill,3642,2564
prefill,3643,50285
prefill,3644,980
prefill,3645,1054
prefill,3646,9363
prefill,3647,83056
prefill,3648,8
prefill,3649,976
prefill,3650,328
prefill,3651,44572
prefill,3652,3165
prefill,3653,680
prefill,3654,314
prefill,3655,13854
prefill,3656,4876
prefill,3657,271
prefill,3658,262
prefill,3659,6398
prefill,3660,397
prefill,3661,50901
prefill,3662,949
prefill,3663,22464
prefill,3664,62
prefill,3665,17
prefill,3666,67
prefill,3667,10415
prefill,3668,11
prefill,3669,15167
prefill,3670,11
prefill,3671,795
prefill,3672,11
prefill,3673,4206
prefill,3674,11
prefill,3675,1331
prefill,3676,11
prefill,3677,307
prefill,3678,648
prefill,3679,72963
prefill,3680,11
prefill,3681,18648
prefill,3682,22464
prefill,3683,11
prefill,3684,18648
prefill,3685,1707
prefill,3686,1174
prefill,3687,198
prefill,3688,92
prefill,3689,271
prefill,3690,972
prefill,3691,50285
prefill,3692,980
prefill,3693,38681
prefill,3694,22464
prefill,3695,2964
prefill,3696,62
prefill,3697,17
prefill,3698,67
prefill,3699,2654
prefill,3700,1968
prefill,3701,50285
prefill,3702,980
prefill,3703,22464
prefill,3704,348
prefill,3705,15167
prefill,3706,11
prefill,3707,715
prefill,3708,348
prefill,3709,795
prefill,3710,11
prefill,3711,1331
prefill,3712,516
prefill,3713,4206
prefill,3714,11
prefill,3715,1331
prefill,3716,516
prefill,3717,1331
prefill,3718,11
prefill,3719,198
prefill,3720,309
prefill,3721,1331
prefill,3722,516
prefill,3723,307
prefill,3724,648
prefill,3725,72963
prefill,3726,11
prefill,3727,1331
prefill,3728,516
prefill,3729,18648
prefill,3730,22464
prefill,3731,11
prefill,3732,1331
prefill,3733,516
prefill,3734,18648
prefill,3735,1707
prefill,3736,8
prefill,3737,313
prefill,3738,198
prefill,3739,262
prefill,3740,54802
prefill,3741,2581
prefill,3742,11458
prefill,3743,83056
prefill,3744,1174
prefill,3745,198
prefill,3746,262
prefill,3747,50285
prefill,3748,980
prefill,3749,38681
prefill,3750,7530
prefill,3751,516
prefill,3752,6398
prefill,3753,283
prefill,3754,15167
prefill,3755,397
prefill,3756,1015
prefill,3757,15795
prefill,3758,907
prefill,3759,15167
prefill,3760,397
prefill,3761,1015
prefill,3762,15795
prefill,3763,397
prefill,3764,7333
prefill,3765,535
prefill,3766,15167
prefill,3767,397
prefill,3768,7333
prefill,3769,26
prefill,3770,198
prefill,3771,262
prefill,3772,54802
prefill,3773,2581
prefill,3774,11458
prefill,3775,10415
prefill,3776,931
prefill,3777,1708
prefill,3778,976
prefill,3779,328
prefill,3780,44572
prefill,3781,4011
prefill,3782,524
prefill,3783,716
prefill,3784,4876
prefill,3785,271
prefill,3786,262
prefill,3787,413
prefill,3788,318
prefill,3789,77
prefill,3790,648
prefill,3791,72963
prefill,3792,2564
prefill,3793,220
prefill,3794,16
prefill,3795,1321
prefill,3796,6398
prefill,3797,397
prefill,3798,50901
prefill,3799,652
prefill,3800,22464
prefill,3801,62
prefill,3802,17
prefill,3803,67
prefill,3804,606
prefill,3805,1708
prefill,3806,8
prefill,3807,313
prefill,3808,198
prefill,3809,285
prefill,3810,364
prefill,3811,318
prefill,3812,2073
prefill,3813,516
prefill,3814,585
prefill,3815,283
prefill,3816,220
prefill,3817,15
prefill,3818,26
prefill,3819,585
prefill,3820,361
prefill,3821,307
prefill,3822,648
prefill,3823,72963
prefill,3824,26
prefill,3825,585
prefill,3826,2377
prefill,3827,313
prefill,3828,198
prefill,3829,309
prefill,3830,50285
prefill,3831,980
prefill,3832,38681
prefill,3833,22464
prefill,3834,2964
prefill,3835,83056
prefill,3836,11
prefill,3837,318
prefill,3838,1700
prefill,3839,2501
prefill,3840,795
prefill,3841,478
prefill,3842,585
prefill,3843,9
prefill,3844,45487
prefill,3845,1707
prefill,3846,11
prefill,3847,4206
prefill,3848,478
prefill,3849,585
prefill,3850,9
prefill,3851,45487
prefill,3852,22464
prefill,3853,11
prefill,3854,1331
prefill,3855,1174
prefill,3856,198
prefill,3857,285
prefill,3858,333
prefill,3859,198
prefill,3860,285
prefill,3861,460
prefill,3862,26
prefill,3863,198
prefill,3864,262
prefill,3865,333
prefill,3866,198
prefill,3867,262
prefill,3868,413
prefill,3869,318
prefill,3870,2073
prefill,3871,606
prefill,3872,220
prefill,3873,15
prefill,3874,8
prefill,3875,313
prefill,3876,198
prefill,3877,285
prefill,3878,460
prefill,3879,26
prefill,3880,198
prefill,3881,262
prefill,3882,333
prefill,3883,271
prefill,3884,262
prefill,3885,54802
prefill,3886,2581
prefill,3887,11458
prefill,3888,83056
prefill,3889,397
prefill,3890,673
prefill,3891,931
prefill,3892,1708
prefill,3893,976
prefill,3894,328
prefill,3895,44572
prefill,3896,524
prefill,3897,19591
prefill,3898,4876
prefill,3899,198
prefill,3900,262
prefill,3901,54802
prefill,3902,2581
prefill,3903,11458
prefill,3904,25408
prefill,3905,478
prefill,3906,318
prefill,3907,77
prefill,3908,648
prefill,3909,72963
prefill,3910,12
prefill,3911,16
prefill,3912,4653
prefill,3913,45487
prefill,3914,22464
prefill,3915,478
prefill,3916,1331
prefill,3917,2564
prefill,3918,50285
prefill,3919,980
prefill,3920,1054
prefill,3921,9363
prefill,3922,83056
prefill,3923,8
prefill,3924,976
prefill,3925,328
prefill,3926,44572
prefill,3927,1301
prefill,3928,680
prefill,3929,314
prefill,3930,13854
prefill,3931,4876
prefill,3932,271
prefill,3933,262
prefill,3934,6398
prefill,3935,397
prefill,3936,50901
prefill,3937,652
prefill,3938,22464
prefill,3939,62
prefill,3940,17
prefill,3941,67
prefill,3942,10415
prefill,3943,11
prefill,3944,15167
prefill,3945,11
prefill,3946,795
prefill,3947,11
prefill,3948,4206
prefill,3949,11
prefill,3950,1331
prefill,3951,11
prefill,3952,307
prefill,3953,648
prefill,3954,72963
prefill,3955,11
prefill,3956,18648
prefill,3957,22464
prefill,3958,11
prefill,3959,18648
prefill,3960,1707
prefill,3961,1174
prefill,3962,198
prefill,3963,92
prefill,3964,271
prefill,3965,972
prefill,3966,50285
prefill,3967,980
prefill,3968,38681
prefill,3969,22464
prefill,3970,12604
prefill,3971,723
prefill,3972,5970
prefill,3973,50285
prefill,3974,980
prefill,3975,22464
prefill,3976,348
prefill,3977,15167
prefill,3978,11
prefill,3979,2535
prefill,3980,23
prefill,3981,516
prefill,3982,869
prefill,3983,11
prefill,3984,1331
prefill,3985,516
prefill,3986,4206
prefill,3987,11
prefill,3988,1331
prefill,3989,516
prefill,3990,1331
prefill,3991,8
prefill,3992,313
prefill,3993,198
prefill,3994,262
prefill,3995,54802
prefill,3996,2581
prefill,3997,11458
prefill,3998,83056
prefill,3999,1174
prefill,4000,198
prefill,4001,262
prefill,4002,50285
prefill,4003,980
prefill,4004,38681
prefill,4005,7530
prefill,4006,516
prefill,4007,6398
prefill,4008,283
prefill,4009,15167
prefill,4010,397
prefill,4011,1015
prefill,4012,15795
prefill,4013,907
prefill,4014,15167
prefill,4015,397
prefill,4016,1015
prefill,4017,15795
prefill,4018,397
prefill,4019,7333
prefill,4020,535
prefill,4021,15167
prefill,4022,397
prefill,4023,7333
prefill,4024,26
prefill,4025,271
prefill,4026,262
prefill,4027,413
prefill,4028,318
prefill,4029,2073
prefill,4030,606
prefill,4031,220
prefill,4032,15
prefill,4033,8
prefill,4034,313
prefill,4035,198
prefill,4036,285
prefill,4037,460
prefill,4038,26
prefill,4039,198
prefill,4040,262
prefill,4041,333
prefill,4042,271
prefill,4043,262
prefill,4044,54802
prefill,4045,2581
prefill,4046,11458
prefill,4047,10415
prefill,4048,931
prefill,4049,1708
prefill,4050,976
prefill,4051,328
prefill,4052,44572
prefill,4053,4011
prefill,4054,524
prefill,4055,716
prefill,4056,4876
prefill,4057,198
prefill,4058,262
prefill,4059,54802
prefill,4060,2581
prefill,4061,11458
prefill,4062,83056
prefill,4063,397
prefill,4064,673
prefill,4065,931
prefill,4066,1708
prefill,4067,976
prefill,4068,328
prefill,4069,44572
prefill,4070,524
prefill,4071,19591
prefill,4072,4876
prefill,4073,198
prefill,4074,262
prefill,4075,54802
prefill,4076,2581
prefill,4077,11458
prefill,4078,25408
prefill,4079,478
prefill,4080,1331
prefill,4081,2564
prefill,4082,50285
prefill,4083,980
prefill,4084,1054
prefill,4085,9363
prefill,4086,83056
prefill,4087,8
prefill,4088,976
prefill,4089,328
prefill,4090,44572
prefill,4091,3165
prefill,4092,680
prefill,4093,314
prefill,4094,13854
prefill,4095,4876
prefill,4096,198
prefill,4097,262
prefill,4098,54802
prefill,4099,2581
prefill,4100,11458
prefill,4101,10415
prefill,4102,397
prefill,4103,50901
prefill,4104,40119
prefill,4105,723
prefill,4106,22464
prefill,4107,931
prefill,4108,1708
prefill,4109,976
prefill,4110,328
prefill,4111,94684
prefill,4112,524
prefill,4113,11205
prefill,4114,539
prefill,4115,18583
prefill,4116,4011
prefill,4117,4876
prefill,4118,271
prefill,4119,262
prefill,4120,6398
prefill,4121,397
prefill,4122,50901
prefill,4123,40119
prefill,4124,723
prefill,4125,22464
prefill,4126,10415
prefill,4127,11
prefill,4128,15167
prefill,4129,11
prefill,4130,869
prefill,4131,11
prefill,4132,4206
prefill,4133,11
prefill,4134,1331
prefill,4135,1174
prefill,4136,198
prefill,4137,92
prefill,4138,271
prefill,4139,972
prefill,4140,50285
prefill,4141,980
prefill,4142,38681
prefill,4143,625
prefill,4144,51012
prefill,4145,3163
prefill,4146,70
prefill,4147,980
prefill,4148,38681
prefill,4149,516
prefill,4150,18583
prefill,4151,8
prefill,4152,313
prefill,4153,198
prefill,4154,262
prefill,4155,54802
prefill,4156,2581
prefill,4157,11458
prefill,4158,7
prefill,4159,20302
prefill,4160,1174
prefill,4161,198
prefill,4162,262
prefill,4163,413
prefill,4164,318
prefill,4165,20302
prefill,4166,397
prefill,4167,50901
prefill,4168,503
prefill,4169,51012
prefill,4170,606
prefill,4171,1708
prefill,4172,8
prefill,4173,313
prefill,4174,198
prefill,4175,285
prefill,4176,460
prefill,4177,26
prefill,4178,198
prefill,4179,262
prefill,4180,333
prefill,4181,271
prefill,4182,262
prefill,4183,18583
prefill,4184,397
prefill,4185,50901
prefill,4186,503
prefill,4187,51012
prefill,4188,7
prefill,4189,20302
prefill,4190,1174
prefill,4191,198
prefill,4192,92
prefill,4193,271
prefill,4194,13985
prefill,4195,980
prefill,4196,38681
prefill,4197,14312
prefill,4198,25716
prefill,4199,516
prefill,4200,50285
prefill,4201,980
prefill,4202,38681
prefill,4203,14312
prefill,4204,25716
prefill,4205,8393
prefill,4206,3163
prefill,4207,70
prefill,4208,980
prefill,4209,38681
prefill,4210,516
prefill,4211,18583
prefill,4212,11
prefill,4213,1968
prefill,4214,50285
prefill,4215,980
prefill,4216,648
prefill,4217,4293
prefill,4218,348
prefill,4219,272
prefill,4220,4293
prefill,4221,8
prefill,4222,313
prefill,4223,198
prefill,4224,262
prefill,4225,54802
prefill,4226,2581
prefill,4227,11458
prefill,4228,7
prefill,4229,20302
prefill,4230,1174
prefill,4231,198
prefill,4232,262
prefill,4233,54802
prefill,4234,2581
prefill,4235,11458
prefill,4236,7
prefill,4237,20302
prefill,4238,397
prefill,4239,50901
prefill,4240,10447
prefill,4241,25716
prefill,4242,8393
prefill,4243,931
prefill,4244,1708
prefill,4245,1174
prefill,4246,271
prefill,4247,262
prefill,4248,460
prefill,4249,18583
prefill,4250,397
prefill,4251,50901
prefill,4252,10447
prefill,4253,25716
prefill,4254,8393
prefill,4255,7
prefill,4256,20302
prefill,4257,11
prefill,4258,272
prefill,4259,4293
prefill,4260,1174
prefill,4261,198
prefill,4262,92
prefill,4263,271
prefill,4264,972
prefill,4265,50285
prefill,4266,980
prefill,4267,38681
prefill,4268,14312
prefill,4269,25716
prefill,4270,8636
prefill,4271,3163
prefill,4272,70
prefill,4273,980
prefill,4274,38681
prefill,4275,516
prefill,4276,18583
prefill,4277,11
prefill,4278,50285
prefill,4279,980
prefill,4280,38681
prefill,4281,14312
prefill,4282,25716
prefill,4283,516
prefill,4284,3019
prefill,4285,8
prefill,4286,313
prefill,4287,198
prefill,4288,262
prefill,4289,54802
prefill,4290,2581
prefill,4291,11458
prefill,4292,7
prefill,4293,20302
prefill,4294,1174
prefill,4295,198
prefill,4296,262
prefill,4297,54802
prefill,4298,2581
prefill,4299,11458
prefill,4300,7
prefill,4301,20302
prefill,4302,397
prefill,4303,50901
prefill,4304,10447
prefill,4305,25716
prefill,4306,8636
prefill,4307,931
prefill,4308,1708
prefill,4309,1174
prefill,4310,271
prefill,4311,262
prefill,4312,18583
prefill,4313,397
prefill,4314,50901
prefill,4315,10447
prefill,4316,25716
prefill,4317,8636
prefill,4318,7
prefill,4319,20302
prefill,4320,11
prefill,4321,3019
prefill,4322,1174
prefill,4323,198
prefill,4324,92
prefill,4325,271
prefill,4326,8746
prefill,4327,50285
prefill,4328,980
prefill,4329,4620
prefill,4330,50285
prefill,4331,980
prefill,4332,38681
prefill,4333,14312
prefill,4334,25716
prefill,4335,55120
prefill,4336,3163
prefill,4337,70
prefill,4338,980
prefill,4339,38681
prefill,4340,516
prefill,4341,18583
prefill,4342,11
prefill,4343,50285
prefill,4344,980
prefill,4345,38681
prefill,4346,14312
prefill,4347,25716
prefill,4348,516
prefill,4349,3019
prefill,4350,8
prefill,4351,313
prefill,4352,198
prefill,4353,262
prefill,4354,54802
prefill,4355,2581
prefill,4356,11458
prefill,4357,7
prefill,4358,20302
prefill,4359,1174
prefill,4360,198
prefill,4361,262
prefill,4362,54802
prefill,4363,2581
prefill,4364,11458
prefill,4365,7
prefill,4366,20302
prefill,4367,397
prefill,4368,50901
prefill,4369,10447
prefill,4370,25716
prefill,4371,55120
prefill,4372,931
prefill,4373,1708
prefill,4374,1174
prefill,4375,271
prefill,4376,262
prefill,4377,460
prefill,4378,18583
prefill,4379,397
prefill,4380,50901
prefill,4381,10447
prefill,4382,25716
prefill,4383,55120
prefill,4384,7
prefill,4385,20302
prefill,4386,11
prefill,4387,3019
prefill,4388,1174
prefill,4389,198
prefill,4390,92
prefill,4391,271
prefill,4392,8746
prefill,4393,50285
prefill,4394,980
prefill,4395,4620
prefill,4396,50285
prefill,4397,980
prefill,4398,38681
prefill,4399,14312
prefill,4400,55120
prefill,4401,3163
prefill,4402,70
prefill,4403,980
prefill,4404,38681
prefill,4405,516
prefill,4406,18583
prefill,4407,11
prefill,4408,1968
prefill,4409,50285
prefill,4410,980
prefill,4411,648
prefill,4412,4293
prefill,4413,348
prefill,4414,272
prefill,4415,4293
prefill,4416,8
prefill,4417,313
prefill,4418,198
prefill,4419,262
prefill,4420,7376
prefill,4421,50285
prefill,4422,980
prefill,4423,4620
prefill,4424,1784
prefill,4425,283
prefill,4426,50285
prefill,4427,980
prefill,4428,38681
prefill,4429,14312
prefill,4430,55120
prefill,4431,27424
prefill,4432,7
prefill,4433,20302
prefill,4434,11
prefill,4435,272
prefill,4436,4293
prefill,4437,1174
prefill,4438,198
prefill,4439,262
prefill,4440,50285
prefill,4441,980
prefill,4442,38681
prefill,4443,625
prefill,4444,51012
prefill,4445,7
prefill,4446,20302
prefill,4447,1174
prefill,4448,198
prefill,4449,262
prefill,4450,460
prefill,4451,1784
prefill,4452,26
prefill,4453,198
prefill,4454,92
prefill,4455,271
prefill,4456,8746
prefill,4457,50285
prefill,4458,980
prefill,4459,4620
prefill,4460,50285
prefill,4461,980
prefill,4462,38681
prefill,4463,14312
prefill,4464,55120
prefill,4465,27424
prefill,4466,3163
prefill,4467,70
prefill,4468,980
prefill,4469,38681
prefill,4470,516
prefill,4471,18583
prefill,4472,11
prefill,4473,1968
prefill,4474,50285
prefill,4475,980
prefill,4476,648
prefill,4477,4293
prefill,4478,348
prefill,4479,272
prefill,4480,4293
prefill,4481,8
prefill,4482,313
prefill,4483,198
prefill,4484,262
prefill,4485,54802
prefill,4486,2581
prefill,4487,11458
prefill,4488,7
prefill,4489,20302
prefill,4490,1174
prefill,4491,198
prefill,4492,262
prefill,4493,460
prefill,4494,18583
prefill,4495,397
prefill,4496,50901
prefill,4497,10447
prefill,4498,55120
prefill,4499,7
prefill,4500,20302
prefill,4501,11
prefill,4502,272
prefill,4503,4293
prefill,4504,1174
prefill,4505,198
prefill,4506,92
prefill,4507,271
prefill,4508,2554
prefill,4509,50285
prefill,4510,980
prefill,4511,38681
prefill,4512,25004
prefill,4513,82
prefill,4514,9981
prefill,4515,3163
prefill,4516,70
prefill,4517,980
prefill,4518,38681
prefill,4519,516
prefill,4520,18583
prefill,4521,11
prefill,4522,713
prefill,4523,1968
prefill,4524,50285
prefill,4525,980
prefill,4526,22464
prefill,4527,348
prefill,4528,1139
prefill,4529,8
prefill,4530,313
prefill,4531,198
prefill,4532,262
prefill,4533,54802
prefill,4534,2581
prefill,4535,11458
prefill,4536,7
prefill,4537,20302
prefill,4538,1174
prefill,4539,198
prefill,4540,262
prefill,4541,460
prefill,4542,50285
prefill,4543,980
prefill,4544,38681
prefill,4545,10123
prefill,4546,25004
prefill,4547,82
prefill,4548,9981
prefill,4549,7
prefill,4550,20302
prefill,4551,397
prefill,4552,5920
prefill,4553,11
prefill,4554,1139
prefill,4555,1174
prefill,4556,198
prefill,4557,92
prefill,4558,271
prefill,4559,2554
prefill,4560,50285
prefill,4561,980
prefill,4562,38681
prefill,4563,25004
prefill,4564,82
prefill,4565,853
prefill,4566,86064
prefill,4567,3163
prefill,4568,70
prefill,4569,980
prefill,4570,38681
prefill,4571,516
prefill,4572,18583
prefill,4573,11
prefill,4574,50285
prefill,4575,980
prefill,4576,38681
prefill,4577,7530
prefill,4578,1756
prefill,4579,516
prefill,4580,996
prefill,4581,703
prefill,4582,8
prefill,4583,313
prefill,4584,198
prefill,4585,262
prefill,4586,54802
prefill,4587,2581
prefill,4588,11458
prefill,4589,7
prefill,4590,20302
prefill,4591,1174
prefill,4592,198
prefill,4593,262
prefill,4594,460
prefill,4595,50285
prefill,4596,980
prefill,4597,38681
prefill,4598,10123
prefill,4599,25004
prefill,4600,82
prefill,4601,853
prefill,4602,86064
prefill,4603,7
prefill,4604,20302
prefill,4605,397
prefill,4606,5920
prefill,4607,11
prefill,4608,996
prefill,4609,703
prefill,4610,1174
prefill,4611,198
prefill,4612,92
prefill,4613,271
prefill,4614,2554
prefill,4615,50285
prefill,4616,980
prefill,4617,38681
prefill,4618,13258
prefill,4619,1043
prefill,4620,9981
prefill,4621,3163
prefill,4622,70
prefill,4623,980
prefill,4624,38681
prefill,4625,516
prefill,4626,18583
prefill,4627,11
prefill,4628,713
prefill,4629,1968
prefill,4630,50285
prefill,4631,980
prefill,4632,22464
prefill,4633,348
prefill,4634,1139
prefill,4635,8
prefill,4636,313
prefill,4637,198
prefill,4638,262
prefill,4639,54802
prefill,4640,2581
prefill,4641,11458
prefill,4642,7
prefill,4643,20302
prefill,4644,1174
prefill,4645,198
prefill,4646,262
prefill,4647,460
prefill,4648,50285
prefill,4649,980
prefill,4650,38681
prefill,4651,10123
prefill,4652,13258
prefill,4653,1043
prefill,4654,9981
prefill,4655,7
prefill,4656,20302
prefill,4657,397
prefill,4658,5920
prefill,4659,11
prefill,4660,1139
prefill,4661,1174
prefill,4662,198
prefill,4663,92
prefill,4664,271
prefill,4665,13985
prefill,4666,980
prefill,4667,38681
prefill,4668,10123
prefill,4669,516
prefill,4670,50285
prefill,4671,980
prefill,4672,38681
prefill,4673,2964
prefill,4674,8931
prefill,4675,3163
prefill,4676,70
prefill,4677,980
prefill,4678,38681
prefill,4679,516
prefill,4680,18583
prefill,4681,8
prefill,4682,313
prefill,4683,198
prefill,4684,262
prefill,4685,54802
prefill,4686,2581
prefill,4687,11458
prefill,4688,7
prefill,4689,20302
prefill,4690,1174
prefill,4691,198
prefill,4692,262
prefill,4693,460
prefill,4694,18583
prefill,4695,397
prefill,4696,5920
prefill,4697,26
prefill,4698,198
prefill,4699,92
prefill,4700,271
prefill,4701,320
prefill,4702,18583
prefill,4703,2880
prefill,4704,271
prefill,4705,972
prefill,4706,50285
prefill,4707,980
prefill,4708,38681
prefill,4709,22464
prefill,4710,15622
prefill,4711,2654
prefill,4712,1968
prefill,4713,50285
prefill,4714,980
prefill,4715,22464
prefill,4716,348
prefill,4717,2212
prefill,4718,11
prefill,4719,1968
prefill,4720,50285
prefill,4721,980
prefill,4722,22464
prefill,4723,348
prefill,4724,10333
prefill,4725,8
prefill,4726,313
prefill,4727,198
prefill,4728,262
prefill,4729,54802
prefill,4730,2581
prefill,4731,11458
prefill,4732,3163
prefill,4733,70
prefill,4734,980
prefill,4735,54953
prefill,4736,32462
prefill,4737,14051
prefill,4738,14280
prefill,4739,11
prefill,4740,10333
prefill,4741,8
prefill,4742,976
prefill,4743,328
prefill,4744,32157
prefill,4745,2880
prefill,4746,74451
prefill,4747,440
prefill,4748,2086
prefill,4749,47410
prefill,4750,4876
prefill,4751,271
prefill,4752,262
prefill,4753,413
prefill,4754,318
prefill,4755,3431
prefill,4756,606
prefill,4757,10333
prefill,4758,8
prefill,4759,313
prefill,4760,198
prefill,4761,285
prefill,4762,460
prefill,4763,26
prefill,4764,198
prefill,4765,262
prefill,4766,333
prefill,4767,271
prefill,4768,262
prefill,4769,413
prefill,4770,318
prefill,4771,13985
prefill,4772,980
prefill,4773,38681
prefill,4774,7530
prefill,4775,6677
prefill,4776,12480
prefill,4777,14280
prefill,4778,397
prefill,4779,7333
prefill,4780,578
prefill,4781,313
prefill,4782,198
prefill,4783,285
prefill,4784,50285
prefill,4785,980
prefill,4786,38681
prefill,4787,22464
prefill,4788,2516
prefill,4789,29273
prefill,4790,11
prefill,4791,2212
prefill,4792,397
prefill,4793,673
prefill,4794,11
prefill,4795,220
prefill,4796,15
prefill,4797,11
prefill,4798,50285
prefill,4799,980
prefill,4800,1054
prefill,4801,9363
prefill,4802,14280
prefill,4803,5722
prefill,4804,198
prefill,4805,262
prefill,4806,333
prefill,4807,745
prefill,4808,413
prefill,4809,318
prefill,4810,13985
prefill,4811,980
prefill,4812,38681
prefill,4813,7530
prefill,4814,6677
prefill,4815,12480
prefill,4816,29273
prefill,4817,397
prefill,4818,7333
prefill,4819,578
prefill,4820,313
prefill,4821,198
prefill,4822,285
prefill,4823,50285
prefill,4824,980
prefill,4825,38681
prefill,4826,22464
prefill,4827,2964
prefill,4828,14280
prefill,4829,11
prefill,4830,10333
prefill,4831,397
prefill,4832,673
prefill,4833,11
prefill,4834,220
prefill,4835,15
prefill,4836,11
prefill,4837,50285
prefill,4838,980
prefill,4839,1054
prefill,4840,9363
prefill,4841,14280
prefill,4842,5722
prefill,4843,198
prefill,4844,262
prefill,4845,333
prefill,4846,745
prefill,4847,413
prefill,4848,1451
prefill,4849,13985
prefill,4850,980
prefill,4851,38681
prefill,4852,7530
prefill,4853,15622
prefill,4854,22464
prefill,4855,14280
prefill,4856,11
prefill,4857,10333
prefill,4858,578
prefill,4859,313
prefill,4860,198
prefill,4861,5355
prefill,4862,95124
prefill,4863,198
prefill,4864,285
prefill,4865,54802
prefill,4866,2581
prefill,4867,8159
prefill,4868,10816
prefill,4869,4285
prefill,4870,82
prefill,4871,25
prefill,4872,9663
prefill,4873,25
prefill,4874,6103
prefill,4875,2880
prefill,4876,494
prefill,4877,984
prefill,4878,82
prefill,4879,310
prefill,4880,984
prefill,4881,82
prefill,4882,1639
prefill,4883,487
prefill,4884,1259
prefill,4885,2739
prefill,4886,10134
prefill,4887,50285
prefill,4888,980
prefill,4889,38681
prefill,4890,7530
prefill,4891,1224
prefill,4892,14280
prefill,4893,397
prefill,4894,7333
prefill,4895,681
prefill,4896,50285
prefill,4897,980
prefill,4898,38681
prefill,4899,7530
prefill,4900,1224
prefill,4901,29273
prefill,4902,397
prefill,4903,7333
prefill,4904,5722
prefill,4905,198
prefill,4906,2576
prefill,4907,434
prefill,4908,95124
prefill,4909,198
prefill,4910,285
prefill,4911,1331
prefill,4912,516
prefill,4913,72108
prefill,4914,283
prefill,4915,50285
prefill,4916,980
prefill,4917,1054
prefill,4918,9363
prefill,4919,14280
prefill,4920,1174
prefill,4921,198
prefill,4922,285
prefill,4923,715
prefill,4924,348
prefill,4925,795
prefill,4926,283
prefill,4927,15270
prefill,4928,1393
prefill,4929,9363
prefill,4930,1174
prefill,4931,198
prefill,4932,285
prefill,4933,50285
prefill,4934,980
prefill,4935,38681
prefill,4936,22464
prefill,4937,2964
prefill,4938,14280
prefill,4939,11
prefill,4940,795
prefill,4941,11
prefill,4942,220
prefill,4943,15
prefill,4944,11
prefill,4945,72108
prefill,4946,1174
prefill,4947,198
prefill,4948,285
prefill,4949,50285
prefill,4950,980
prefill,4951,38681
prefill,4952,22464
prefill,4953,2516
prefill,4954,29273
prefill,4955,11
prefill,4956,795
prefill,4957,11
prefill,4958,220
prefill,4959,15
prefill,4960,11
prefill,4961,72108
prefill,4962,1174
prefill,4963,198
prefill,4964,285
prefill,4965,1845
prefill,4966,2507
prefill,4967,1174
prefill,4968,198
prefill,4969,262
prefill,4970,333
prefill,4971,198
prefill,4972,92
prefill,4973,271
prefill,4974,972
prefill,4975,50285
prefill,4976,980
prefill,4977,38681
prefill,4978,22464
prefill,4979,15622
prefill,4980,27424
prefill,4981,3163
prefill,4982,70
prefill,4983,980
prefill,4984,38681
prefill,4985,516
prefill,4986,18583
prefill,4987,15795
prefill,4988,11
prefill,4989,50285
prefill,4990,980
prefill,4991,38681
prefill,4992,516
prefill,4993,18583
prefill,4994,32015
prefill,4995,11
prefill,4996,713
prefill,4997,1968
prefill,4998,50285
prefill,4999,980
prefill,5000,22464
prefill,5001,348
prefill,5002,2212
prefill,5003,11
prefill,5004,1968
prefill,5005,50285
prefill,5006,980
prefill,5007,22464
prefill,5008,348
prefill,5009,10333
prefill,5010,8
prefill,5011,313
prefill,5012,198
prefill,5013,262
prefill,5014,54802
prefill,5015,2581
prefill,5016,11458
prefill,5017,3163
prefill,5018,70
prefill,5019,980
prefill,5020,54953
prefill,5021,32462
prefill,5022,14051
prefill,5023,14280
prefill,5024,11
prefill,5025,10333
prefill,5026,8
prefill,5027,976
prefill,5028,328
prefill,5029,32157
prefill,5030,2880
prefill,5031,74451
prefill,5032,440
prefill,5033,2086
prefill,5034,47410
prefill,5035,4876
prefill,5036,271
prefill,5037,262
prefill,5038,413
prefill,5039,318
prefill,5040,3431
prefill,5041,606
prefill,5042,10333
prefill,5043,8
prefill,5044,313
prefill,5045,198
prefill,5046,285
prefill,5047,460
prefill,5048,26
prefill,5049,198
prefill,5050,262
prefill,5051,333
prefill,5052,271
prefill,5053,262
prefill,5054,54802
prefill,5055,2581
prefill,5056,11458
prefill,5057,7
prefill,5058,20302
prefill,5059,32015
prefill,5060,1174
prefill,5061,198
prefill,5062,262
prefill,5063,413
prefill,5064,318
prefill,5065,20302
prefill,5066,32015
prefill,5067,397
prefill,5068,50901
prefill,5069,508
prefill,5070,3181
prefill,5071,22464
prefill,5072,27424
prefill,5073,931
prefill,5074,1708
prefill,5075,8
prefill,5076,313
prefill,5077,198
prefill,5078,285
prefill,5079,413
prefill,5080,318
prefill,5081,20302
prefill,5082,32015
prefill,5083,397
prefill,5084,50901
prefill,5085,508
prefill,5086,3181
prefill,5087,22464
prefill,5088,27424
prefill,5089,7
prefill,5090,20302
prefill,5091,15795
prefill,5092,11
prefill,5093,18583
prefill,5094,32015
prefill,5095,11
prefill,5096,2212
prefill,5097,11
prefill,5098,10333
prefill,5099,578
prefill,5100,313
prefill,5101,198
prefill,5102,309
prefill,5103,460
prefill,5104,26
prefill,5105,198
prefill,5106,285
prefill,5107,333
prefill,5108,198
prefill,5109,262
prefill,5110,333
prefill,5111,271
prefill,5112,262
prefill,5113,434
prefill,5114,449
prefill,5115,3203
prefill,5116,2880
prefill,5117,1000
prefill,5118,13870
prefill,5119,3420
prefill,5120,1238
prefill,5121,660
prefill,5122,279
prefill,5123,55249
prefill,5124,7289
prefill,5125,383
prefill,5126,2107
prefill,5127,1142
prefill,5128,1364
prefill,5129,513
prefill,5130,7888
prefill,5131,198
prefill,5132,262
prefill,5133,434
prefill,5134,310
prefill,5135,36213
prefill,5136,279
prefill,5137,1788
prefill,5138,7465
prefill,5139,11
prefill,5140,567
prefill,5141,1144
prefill,5142,310
prefill,5143,61646
prefill,5144,2107
prefill,5145,1142
prefill,5146,1364
prefill,5147,1118
prefill,5148,11
prefill,5149,321
prefill,5150,635
prefill,5151,264
prefill,5152,21500
prefill,5153,2880
prefill,5154,198
prefill,5155,262
prefill,5156,50285
prefill,5157,980
prefill,5158,38681
prefill,5159,625
prefill,5160,51012
prefill,5161,7
prefill,5162,20302
prefill,5163,15795
prefill,5164,1174
prefill,5165,198
prefill,5166,262
prefill,5167,50285
prefill,5168,980
prefill,5169,38681
prefill,5170,625
prefill,5171,51012
prefill,5172,7
prefill,5173,20302
prefill,5174,32015
prefill,5175,1174
prefill,5176,198
prefill,5177,262
prefill,5178,50285
prefill,5179,980
prefill,5180,38681
prefill,5181,22464
prefill,5182,15622
prefill,5183,14280
prefill,5184,11
prefill,5185,10333
prefill,5186,1174
prefill,5187,198
prefill,5188,92
prefill,5189,271
prefill,5190,320
prefill,5191,4216
prefill,5192,271
prefill,5193,13985
prefill,5194,980
prefill,5195,38681
prefill,5196,6536
prefill,5197,516
prefill,5198,50285
prefill,5199,980
prefill,5200,38681
prefill,5201,6536
prefill,5202,5737
prefill,5203,3163
prefill,5204,70
prefill,5205,980
prefill,5206,38681
prefill,5207,10123
prefill,5208,516
prefill,5209,3545
prefill,5210,8
prefill,5211,313
prefill,5212,198
prefill,5213,262
prefill,5214,434
prefill,5215,819
prefill,5216,3545
prefill,5217,369
prefill,5218,5252
prefill,5219,364
prefill,5220,279
prefill,5221,8869
prefill,5222,4031
prefill,5223,310
prefill,5224,279
prefill,5225,3545
prefill,5226,3622
prefill,5227,198
prefill,5228,262
prefill,5229,413
prefill,5230,318
prefill,5231,5920
prefill,5232,606
prefill,5233,1708
prefill,5234,1321
prefill,5235,3545
prefill,5236,397
prefill,5237,50901
prefill,5238,5594
prefill,5239,5737
prefill,5240,606
prefill,5241,1708
prefill,5242,8
prefill,5243,313
prefill,5244,198
prefill,5245,285
prefill,5246,460
prefill,5247,1708
prefill,5248,26
prefill,5249,198
prefill,5250,262
prefill,5251,333
prefill,5252,198
prefill,5253,262
prefill,5254,460
prefill,5255,3545
prefill,5256,397
prefill,5257,50901
prefill,5258,5594
prefill,5259,5737
prefill,5260,17314
prefill,5261,1174
prefill,5262,198
prefill,5263,92
prefill,5264,271
prefill,5265,972
prefill,5266,50285
prefill,5267,980
prefill,5268,38681
prefill,5269,6536
prefill,5270,8636
prefill,5271,3163
prefill,5272,70
prefill,5273,980
prefill,5274,38681
prefill,5275,6536
prefill,5276,516
prefill,5277,1484
prefill,5278,8
prefill,5279,313
prefill,5280,198
prefill,5281,262
prefill,5282,413
prefill,5283,318
prefill,5284,2987
prefill,5285,606
prefill,5286,1708
prefill,5287,8
prefill,5288,313
prefill,5289,198
prefill,5290,285
prefill,5291,460
prefill,5292,26
prefill,5293,198
prefill,5294,262
prefill,5295,333
prefill,5296,198
prefill,5297,262
prefill,5298,1484
prefill,5299,397
prefill,5300,5920
prefill,5301,397
prefill,5302,50901
prefill,5303,5594
prefill,5304,8636
prefill,5305,6039
prefill,5306,397
prefill,5307,5920
prefill,5308,11
prefill,5309,1484
prefill,5310,1174
prefill,5311,198
prefill,5312,92
prefill,5313,271
prefill,5314,972
prefill,5315,50285
prefill,5316,980
prefill,5317,38681
prefill,5318,6536
prefill,5319,13786
prefill,5320,3163
prefill,5321,70
prefill,5322,980
prefill,5323,38681
prefill,5324,6536
prefill,5325,516
prefill,5326,1484
prefill,5327,11
prefill,5328,50285
prefill,5329,980
prefill,5330,38681
prefill,5331,516
prefill,5332,18583
prefill,5333,8
prefill,5334,313
prefill,5335,198
prefill,5336,262
prefill,5337,54802
prefill,5338,2581
prefill,5339,11458
prefill,5340,7
prefill,5341,20302
prefill,5342,1174
prefill,5343,198
prefill,5344,262
prefill,5345,54802
prefill,5346,2581
prefill,5347,11458
prefill,5348,7
prefill,5349,20302
prefill,5350,397
prefill,5351,50901
prefill,5352,5594
prefill,5353,13786
prefill,5354,931
prefill,5355,1708
prefill,5356,1174
prefill,5357,271
prefill,5358,262
prefill,5359,18583
prefill,5360,397
prefill,5361,50901
prefill,5362,5594
prefill,5363,13786
prefill,5364,7
prefill,5365,20302
prefill,5366,11
prefill,5367,1484
prefill,5368,1174
prefill,5369,198
prefill,5370,92
prefill,5371,271
prefill,5372,972
prefill,5373,50285
prefill,5374,980
prefill,5375,38681
prefill,5376,6536
prefill,5377,625
prefill,5378,51012
prefill,5379,3163
prefill,5380,70
prefill,5381,980
prefill,5382,38681
prefill,5383,6536
prefill,5384,516
prefill,5385,1484
prefill,5386,8
prefill,5387,313
prefill,5388,198
prefill,5389,262
prefill,5390,54802
prefill,5391,2581
prefill,5392,11458
prefill,5393,6039
prefill,5394,1174
prefill,5395,198
prefill,5396,262
prefill,5397,54802
prefill,5398,2581
prefill,5399,11458
prefill,5400,6039
prefill,5401,397
prefill,5402,5920
prefill,5403,397
prefill,5404,50901
prefill,5405,5594
prefill,5406,625
prefill,5407,51012
prefill,5408,1174
prefill,5409,271
prefill,5410,262
prefill,5411,1484
prefill,5412,397
prefill,5413,5920
prefill,5414,397
prefill,5415,50901
prefill,5416,5594
prefill,5417,625
prefill,5418,51012
prefill,5419,6039
prefill,5420,397
prefill,5421,5920
prefill,5422,11
prefill,5423,1484
prefill,5424,1174
prefill,5425,198
prefill,5426,92
prefill,5427,271
prefill,5428,972
prefill,5429,50285
prefill,5430,980
prefill,5431,38681
prefill,5432,6536
prefill,5433,18195
prefill,5434,3163
prefill,5435,70
prefill,5436,980
prefill,5437,38681
prefill,5438,516
prefill,5439,18583
prefill,5440,11
prefill,5441,50285
prefill,5442,980
prefill,5443,38681
prefill,5444,6536
prefill,5445,516
prefill,5446,1484
prefill,5447,8
prefill,5448,313
prefill,5449,198
prefill,5450,262
prefill,5451,54802
prefill,5452,2581
prefill,5453,11458
prefill,5454,7
prefill,5455,20302
prefill,5456,1174
prefill,5457,198
prefill,5458,262
prefill,5459,54802
prefill,5460,2581
prefill,5461,11458
prefill,5462,7
prefill,5463,20302
prefill,5464,397
prefill,5465,50901
prefill,5466,5594
prefill,5467,18195
prefill,5468,931
prefill,5469,1708
prefill,5470,1174
prefill,5471,271
prefill,5472,262
prefill,5473,18583
prefill,5474,397
prefill,5475,50901
prefill,5476,5594
prefill,5477,18195
prefill,5478,7
prefill,5479,20302
prefill,5480,11
prefill,5481,1484
prefill,5482,1174
prefill,5483,198
prefill,5484,92
prefill,5485,271
prefill,5486,1911
prefill,5487,715
prefill,5488,50285
prefill,5489,980
prefill,5490,38681
prefill,5491,14312
prefill,5492,14596
prefill,5493,11514
prefill,5494,3163
prefill,5495,70
prefill,5496,980
prefill,5497,38681
prefill,5498,516
prefill,5499,18583
prefill,5500,11
prefill,5501,1968
prefill,5502,50285
prefill,5503,980
prefill,5504,648
prefill,5505,4293
prefill,5506,348
prefill,5507,272
prefill,5508,4293
prefill,5509,11
prefill,5510,1968
prefill,5511,50285
prefill,5512,980
prefill,5513,38681
prefill,5514,14312
prefill,5515,14596
prefill,5516,11514
prefill,5517,6533
prefill,5518,348
prefill,5519,3506
prefill,5520,8
prefill,5521,313
prefill,5522,198
prefill,5523,262
prefill,5524,54802
prefill,5525,2581
prefill,5526,11458
prefill,5527,7
prefill,5528,20302
prefill,5529,1174
prefill,5530,198
prefill,5531,262
prefill,5532,413
prefill,5533,318
prefill,5534,20302
prefill,5535,397
prefill,5536,50901
prefill,5537,10447
prefill,5538,14596
prefill,5539,11514
prefill,5540,931
prefill,5541,1708
prefill,5542,8
prefill,5543,313
prefill,5544,198
prefill,5545,285
prefill,5546,18583
prefill,5547,397
prefill,5548,50901
prefill,5549,10447
prefill,5550,14596
prefill,5551,11514
prefill,5552,7
prefill,5553,20302
prefill,5554,11
prefill,5555,272
prefill,5556,4293
prefill,5557,11
prefill,5558,3506
prefill,5559,1174
prefill,5560,198
prefill,5561,262
prefill,5562,333
prefill,5563,198
prefill,5564,92
prefill,5565,271
prefill,5566,320
prefill,5567,53405
prefill,5568,3545
prefill,5569,271
prefill,5570,989
prefill,5571,1122
prefill,5572,348
prefill,5573,50285
prefill,5574,980
prefill,5575,38681
prefill,5576,10123
prefill,5577,1224
prefill,5578,3163
prefill,5579,70
prefill,5580,980
prefill,5581,38681
prefill,5582,10123
prefill,5583,516
prefill,5584,3545
prefill,5585,8
prefill,5586,313
prefill,5587,198
prefill,5588,262
prefill,5589,54802
prefill,5590,2581
prefill,5591,11458
prefill,5592,17314
prefill,5593,1174
prefill,5594,198
prefill,5595,262
prefill,5596,460
prefill,5597,3545
prefill,5598,397
prefill,5599,50901
prefill,5600,652
prefill,5601,1224
prefill,5602,17314
prefill,5603,1174
prefill,5604,198
prefill,5605,92
prefill,5606,271
prefill,5607,989
prefill,5608,1122
prefill,5609,348
prefill,5610,50285
prefill,5611,980
prefill,5612,38681
prefill,5613,10123
prefill,5614,11119
prefill,5615,3163
prefill,5616,70
prefill,5617,980
prefill,5618,38681
prefill,5619,10123
prefill,5620,516
prefill,5621,3545
prefill,5622,8
prefill,5623,313
prefill,5624,198
prefill,5625,262
prefill,5626,54802
prefill,5627,2581
prefill,5628,11458
prefill,5629,17314
prefill,5630,1174
prefill,5631,198
prefill,5632,262
prefill,5633,460
prefill,5634,3545
prefill,5635,397
prefill,5636,50901
prefill,5637,652
prefill,5638,11119
prefill,5639,17314
prefill,5640,1174
prefill,5641,198
prefill,5642,92
prefill,5643,271
prefill,5644,972
prefill,5645,50285
prefill,5646,980
prefill,5647,38681
prefill,5648,10123
prefill,5649,18615
prefill,5650,3163
prefill,5651,70
prefill,5652,980
prefill,5653,38681
prefill,5654,10123
prefill,5655,516
prefill,5656,3545
prefill,5657,11
prefill,5658,1331
prefill,5659,516
prefill,5660,348
prefill,5661,1845
prefill,5662,11
prefill,5663,1331
prefill,5664,516
prefill,5665,348
prefill,5666,2702
prefill,5667,8
prefill,5668,313
prefill,5669,198
prefill,5670,262
prefill,5671,54802
prefill,5672,2581
prefill,5673,11458
prefill,5674,17314
prefill,5675,1174
prefill,5676,198
prefill,5677,262
prefill,5678,3545
prefill,5679,397
prefill,5680,50901
prefill,5681,652
prefill,5682,18615
prefill,5683,17314
prefill,5684,11
prefill,5685,1845
prefill,5686,11
prefill,5687,2702
prefill,5688,1174
prefill,5689,198
prefill,5690,92
prefill,5691,271
prefill,5692,8746
prefill,5693,50285
prefill,5694,980
prefill,5695,38681
prefill,5696,10123
prefill,5697,1756
prefill,5698,50285
prefill,5699,980
prefill,5700,38681
prefill,5701,10123
prefill,5702,1756
prefill,5703,3163
prefill,5704,70
prefill,5705,980
prefill,5706,38681
prefill,5707,10123
prefill,5708,516
prefill,5709,3545
prefill,5710,8
prefill,5711,313
prefill,5712,198
prefill,5713,262
prefill,5714,54802
prefill,5715,2581
prefill,5716,11458
prefill,5717,17314
prefill,5718,1174
prefill,5719,198
prefill,5720,262
prefill,5721,460
prefill,5722,3545
prefill,5723,397
prefill,5724,50901
prefill,5725,652
prefill,5726,1756
prefill,5727,17314
prefill,5728,1174
prefill,5729,198
prefill,5730,92
prefill,5731,271
prefill,5732,972
prefill,5733,50285
prefill,5734,980
prefill,5735,38681
prefill,5736,10123
prefill,5737,2964
prefill,5738,43342
prefill,5739,3163
prefill,5740,70
prefill,5741,980
prefill,5742,38681
prefill,5743,10123
prefill,5744,516
prefill,5745,3545
prefill,5746,11
prefill,5747,1968
prefill,5748,50285
prefill,5749,980
prefill,5750,38681
prefill,5751,10123
prefill,5752,43342
prefill,5753,348
prefill,5754,6698
prefill,5755,8
prefill,5756,313
prefill,5757,198
prefill,5758,262
prefill,5759,54802
prefill,5760,2581
prefill,5761,11458
prefill,5762,17314
prefill,5763,1174
prefill,5764,198
prefill,5765,262
prefill,5766,17269
prefill,5767,9062
prefill,5768,11
prefill,5769,220
prefill,5770,15
prefill,5771,11
prefill,5772,3802
prefill,5773,3935
prefill,5774,4608
prefill,5775,5722
prefill,5776,198
prefill,5777,262
prefill,5778,3545
prefill,5779,397
prefill,5780,50901
prefill,5781,652
prefill,5782,43342
prefill,5783,17314
prefill,5784,11
prefill,5785,6698
prefill,5786,1174
prefill,5787,198
prefill,5788,92
prefill,5789,271
prefill,5790,13985
prefill,5791,980
prefill,5792,38681
prefill,5793,4761
prefill,5794,516
prefill,5795,50285
prefill,5796,980
prefill,5797,38681
prefill,5798,10123
prefill,5799,38681
prefill,5800,4761
prefill,5801,3163
prefill,5802,70
prefill,5803,980
prefill,5804,38681
prefill,5805,10123
prefill,5806,516
prefill,5807,3545
prefill,5808,8
prefill,5809,313
prefill,5810,198
prefill,5811,262
prefill,5812,54802
prefill,5813,2581
prefill,5814,11458
prefill,5815,17314
prefill,5816,1174
prefill,5817,198
prefill,5818,262
prefill,5819,460
prefill,5820,3545
prefill,5821,397
prefill,5822,1525
prefill,5823,26
prefill,5824,198
prefill,5825,92
prefill,5826,271
prefill,5827,13985
prefill,5828,980
prefill,5829,38681
prefill,5830,516
prefill,5831,50285
prefill,5832,980
prefill,5833,38681
prefill,5834,10123
prefill,5835,5945
prefill,5836,3163
prefill,5837,70
prefill,5838,980
prefill,5839,38681
prefill,5840,10123
prefill,5841,516
prefill,5842,3545
prefill,5843,11
prefill,5844,713
prefill,5845,1122
prefill,5846,348
prefill,5847,3506
prefill,5848,8
prefill,5849,313
prefill,5850,198
prefill,5851,262
prefill,5852,54802
prefill,5853,2581
prefill,5854,11458
prefill,5855,17314
prefill,5856,1174
prefill,5857,198
prefill,5858,262
prefill,5859,460
prefill,5860,3545
prefill,5861,397
prefill,5862,50901
prefill,5863,8013
prefill,5864,38681
prefill,5865,17314
prefill,5866,11
prefill,5867,3506
prefill,5868,1174
prefill,5869,198
prefill,5870,92
prefill,5871,271
prefill,5872,13985
prefill,5873,980
prefill,5874,38681
prefill,5875,7530
prefill,5876,1756
prefill,5877,516
prefill,5878,50285
prefill,5879,980
prefill,5880,38681
prefill,5881,10123
prefill,5882,7530
prefill,5883,1756
prefill,5884,3163
prefill,5885,70
prefill,5886,980
prefill,5887,38681
prefill,5888,10123
prefill,5889,516
prefill,5890,3545
prefill,5891,8
prefill,5892,313
prefill,5893,198
prefill,5894,262
prefill,5895,54802
prefill,5896,2581
prefill,5897,11458
prefill,5898,17314
prefill,5899,1174
prefill,5900,198
prefill,5901,262
prefill,5902,460
prefill,5903,3545
prefill,5904,397
prefill,5905,50901
prefill,5906,652
prefill,5907,7530
prefill,5908,1756
prefill,5909,17314
prefill,5910,1174
prefill,5911,198
prefill,5912,92
prefill,5913,271
prefill,5914,13985
prefill,5915,980
prefill,5916,38681
prefill,5917,7530
prefill,5918,1756
prefill,5919,516
prefill,5920,50285
prefill,5921,980
prefill,5922,38681
prefill,5923,10123
prefill,5924,12480
prefill,5925,7530
prefill,5926,1756
prefill,5927,3163
prefill,5928,70
prefill,5929,980
prefill,5930,38681
prefill,5931,10123
prefill,5932,516
prefill,5933,3545
prefill,5934,8
prefill,5935,313
prefill,5936,198
prefill,5937,262
prefill,5938,54802
prefill,5939,2581
prefill,5940,11458
prefill,5941,17314
prefill,5942,1174
prefill,5943,198
prefill,5944,262
prefill,5945,413
prefill,5946,318
prefill,5947,5920
prefill,5948,397
prefill,5949,50901
prefill,5950,652
prefill,5951,12480
prefill,5952,7530
prefill,5953,1756
prefill,5954,606
prefill,5955,1708
prefill,5956,8
prefill,5957,313
prefill,5958,198
prefill,5959,285
prefill,5960,460
prefill,5961,1708
prefill,5962,26
prefill,5963,198
prefill,5964,262
prefill,5965,333
prefill,5966,271
prefill,5967,262
prefill,5968,460
prefill,5969,3545
prefill,5970,397
prefill,5971,50901
prefill,5972,652
prefill,5973,12480
prefill,5974,7530
prefill,5975,1756
prefill,5976,17314
prefill,5977,1174
prefill,5978,198
prefill,5979,92
prefill,5980,271
prefill,5981,13985
prefill,5982,980
prefill,5983,38681
prefill,5984,7530
prefill,5985,516
prefill,5986,50285
prefill,5987,980
prefill,5988,38681
prefill,5989,10123
prefill,5990,7530
prefill,5991,5495
prefill,5992,12480
prefill,5993,4207
prefill,5994,3163
prefill,5995,70
prefill,5996,980
prefill,5997,38681
prefill,5998,10123
prefill,5999,516
prefill,6000,3545
prefill,6001,11
prefill,6002,715
prefill,6003,348
prefill,6004,9788
prefill,6005,11
prefill,6006,1331
prefill,6007,516
prefill,6008,1331
prefill,6009,11
prefill,6010,1331
prefill,6011,516
prefill,6012,1866
prefill,6013,22464
prefill,6014,2291
prefill,6015,8
prefill,6016,313
prefill,6017,198
prefill,6018,262
prefill,6019,54802
prefill,6020,2581
prefill,6021,11458
prefill,6022,17314
prefill,6023,1174
prefill,6024,198
prefill,6025,262
prefill,6026,460
prefill,6027,3545
prefill,6028,397
prefill,6029,50901
prefill,6030,23690
prefill,6031,5495
prefill,6032,12480
prefill,6033,4207
prefill,6034,17314
prefill,6035,11
prefill,6036,9788
prefill,6037,11
prefill,6038,1331
prefill,6039,11
prefill,6040,1866
prefill,6041,22464
prefill,6042,2291
prefill,6043,1174
prefill,6044,198
prefill,6045,92
prefill,6046,271
prefill,6047,2554
prefill,6048,50285
prefill,6049,980
prefill,6050,38681
prefill,6051,10123
prefill,6052,25004
prefill,6053,82
prefill,6054,9981
prefill,6055,3163
prefill,6056,70
prefill,6057,980
prefill,6058,38681
prefill,6059,10123
prefill,6060,516
prefill,6061,3545
prefill,6062,11
prefill,6063,713
prefill,6064,1968
prefill,6065,50285
prefill,6066,980
prefill,6067,22464
prefill,6068,348
prefill,6069,1139
prefill,6070,8
prefill,6071,313
prefill,6072,198
prefill,6073,262
prefill,6074,54802
prefill,6075,2581
prefill,6076,11458
prefill,6077,17314
prefill,6078,1174
prefill,6079,198
prefill,6080,262
prefill,6081,460
prefill,6082,3545
prefill,6083,397
prefill,6084,50901
prefill,6085,9118
prefill,6086,82
prefill,6087,9981
prefill,6088,17314
prefill,6089,11
prefill,6090,1139
prefill,6091,1174
prefill,6092,198
prefill,6093,92
prefill,6094,271
prefill,6095,2554
prefill,6096,50285
prefill,6097,980
prefill,6098,38681
prefill,6099,10123
prefill,6100,25004
prefill,6101,82
prefill,6102,853
prefill,6103,86064
prefill,6104,3163
prefill,6105,70
prefill,6106,980
prefill,6107,38681
prefill,6108,10123
prefill,6109,516
prefill,6110,3545
prefill,6111,11
prefill,6112,50285
prefill,6113,980
prefill,6114,38681
prefill,6115,7530
prefill,6116,1756
prefill,6117,516
prefill,6118,996
prefill,6119,703
prefill,6120,8
prefill,6121,313
prefill,6122,198
prefill,6123,262
prefill,6124,54802
prefill,6125,2581
prefill,6126,11458
prefill,6127,17314
prefill,6128,1174
prefill,6129,198
prefill,6130,262
prefill,6131,460
prefill,6132,3545
prefill,6133,397
prefill,6134,50901
prefill,6135,9118
prefill,6136,82
prefill,6137,853
prefill,6138,86064
prefill,6139,17314
prefill,6140,11
prefill,6141,996
prefill,6142,703
prefill,6143,1174
prefill,6144,198
prefill,6145,92
prefill,6146,271
prefill,6147,2554
prefill,6148,50285
prefill,6149,980
prefill,6150,38681
prefill,6151,10123
prefill,6152,13258
prefill,6153,1043
prefill,6154,9981
prefill,6155,3163
prefill,6156,70
prefill,6157,980
prefill,6158,38681
prefill,6159,10123
prefill,6160,516
prefill,6161,3545
prefill,6162,11
prefill,6163,713
prefill,6164,1968
prefill,6165,50285
prefill,6166,980
prefill,6167,22464
prefill,6168,348
prefill,6169,1139
prefill,6170,8
prefill,6171,313
prefill,6172,198
prefill,6173,262
prefill,6174,54802
prefill,6175,2581
prefill,6176,11458
prefill,6177,17314
prefill,6178,1174
prefill,6179,198
prefill,6180,262
prefill,6181,413
prefill,6182,318
prefill,6183,5920
prefill,6184,397
prefill,6185,50901
prefill,6186,36119
prefill,6187,1043
prefill,6188,9981
prefill,6189,931
prefill,6190,1708
prefill,6191,8
prefill,6192,313
prefill,6193,198
prefill,6194,285
prefill,6195,460
prefill,6196,3545
prefill,6197,397
prefill,6198,50901
prefill,6199,36119
prefill,6200,1043
prefill,6201,9981
prefill,6202,17314
prefill,6203,11
prefill,6204,1139
prefill,6205,1174
prefill,6206,198
prefill,6207,262
prefill,6208,333
prefill,6209,271
prefill,6210,262
prefill,6211,460
prefill,6212,867
prefill,6213,26
prefill,6214,198
prefill,6215,92
prefill,6216,271
prefill,6217,320
prefill,6218,53405
prefill,6219,318
prefill,6220,1525
prefill,6221,8
prefill,6222,271
prefill,6223,989
prefill,6224,1122
prefill,6225,348
prefill,6226,50285
prefill,6227,980
prefill,6228,38681
prefill,6229,4761
prefill,6230,1224
prefill,6231,3163
prefill,6232,70
prefill,6233,980
prefill,6234,38681
prefill,6235,4761
prefill,6236,516
prefill,6237,1176
prefill,6238,8
prefill,6239,313
prefill,6240,198
prefill,6241,262
prefill,6242,54802
prefill,6243,2581
prefill,6244,11458
prefill,6245,17843
prefill,6246,1174
prefill,6247,198
prefill,6248,262
prefill,6249,460
prefill,6250,1176
prefill,6251,397
prefill,6252,50901
prefill,6253,652
prefill,6254,1224
prefill,6255,17843
prefill,6256,1174
prefill,6257,198
prefill,6258,92
prefill,6259,271
prefill,6260,2073
prefill,6261,516
prefill,6262,50285
prefill,6263,980
prefill,6264,38681
prefill,6265,4761
prefill,6266,10123
prefill,6267,3079
prefill,6268,3163
prefill,6269,70
prefill,6270,980
prefill,6271,38681
prefill,6272,4761
prefill,6273,516
prefill,6274,1176
prefill,6275,8
prefill,6276,313
prefill,6277,198
prefill,6278,262
prefill,6279,54802
prefill,6280,2581
prefill,6281,11458
prefill,6282,17843
prefill,6283,1174
prefill,6284,198
prefill,6285,262
prefill,6286,460
prefill,6287,1176
prefill,6288,397
prefill,6289,50901
prefill,6290,652
prefill,6291,8931
prefill,6292,3079
prefill,6293,17843
prefill,6294,1174
prefill,6295,198
prefill,6296,92
prefill,6297,271
prefill,6298,13985
prefill,6299,980
prefill,6300,38681
prefill,6301,10123
prefill,6302,516
prefill,6303,50285
prefill,6304,980
prefill,6305,38681
prefill,6306,4761
prefill,6307,10123
prefill,6308,2964
prefill,6309,3163
prefill,6310,70
prefill,6311,980
prefill,6312,38681
prefill,6313,4761
prefill,6314,516
prefill,6315,1176
prefill,6316,11
prefill,6317,1331
prefill,6318,516
prefill,6319,1857
prefill,6320,8
prefill,6321,313
prefill,6322,198
prefill,6323,262
prefill,6324,54802
prefill,6325,2581
prefill,6326,11458
prefill,6327,17843
prefill,6328,1174
prefill,6329,198
prefill,6330,262
prefill,6331,460
prefill,6332,1176
prefill,6333,397
prefill,6334,50901
prefill,6335,652
prefill,6336,8931
prefill,6337,17843
prefill,6338,11
prefill,6339,1857
prefill,6340,1174
prefill,6341,198
prefill,6342,92
prefill,6343,271
prefill,6344,972
prefill,6345,348
prefill,6346,50285
prefill,6347,980
prefill,6348,38681
prefill,6349,4761
prefill,6350,2964
prefill,6351,23664
prefill,6352,6532
prefill,6353,3163
prefill,6354,70
prefill,6355,980
prefill,6356,38681
prefill,6357,4761
prefill,6358,516
prefill,6359,1176
prefill,6360,11
prefill,6361,713
prefill,6362,1122
prefill,6363,348
prefill,6364,803
prefill,6365,8
prefill,6366,313
prefill,6367,198
prefill,6368,262
prefill,6369,54802
prefill,6370,2581
prefill,6371,11458
prefill,6372,17843
prefill,6373,1174
prefill,6374,198
prefill,6375,262
prefill,6376,413
prefill,6377,1451
prefill,6378,1525
prefill,6379,397
prefill,6380,50901
prefill,6381,652
prefill,6382,23664
prefill,6383,6532
prefill,6384,8
prefill,6385,313
prefill,6386,198
prefill,6387,285
prefill,6388,460
prefill,6389,1708
prefill,6390,26
prefill,6391,198
prefill,6392,262
prefill,6393,333
prefill,6394,198
prefill,6395,262
prefill,6396,460
prefill,6397,1176
prefill,6398,397
prefill,6399,50901
prefill,6400,652
prefill,6401,23664
prefill,6402,6532
prefill,6403,17843
prefill,6404,11
prefill,6405,803
prefill,6406,1174
prefill,6407,198
prefill,6408,92
prefill,6409,271
prefill,6410,320
prefill,6411,7072
prefill,6412,30319
prefill,6413,4011
prefill,6414,271
prefill,6415,1193
prefill,6416,50285
prefill,6417,980
prefill,6418,38681
prefill,6419,24337
prefill,6420,7530
prefill,6421,8207
prefill,6422,313
prefill,6423,198
prefill,6424,262
prefill,6425,50285
prefill,6426,980
prefill,6427,38681
prefill,6428,7530
prefill,6429,516
prefill,6430,348
prefill,6431,26502
prefill,6432,26
prefill,6433,198
prefill,6434,262
prefill,6435,1331
prefill,6436,516
prefill,6437,307
prefill,6438,52759
prefill,6439,26
prefill,6440,198
prefill,6441,10738
prefill,6442,271
prefill,6443,1911
prefill,6444,715
prefill,6445,50285
prefill,6446,980
prefill,6447,38681
prefill,6448,24337
prefill,6449,7530
prefill,6450,8636
prefill,6451,7530
prefill,6452,3163
prefill,6453,70
prefill,6454,980
prefill,6455,38681
prefill,6456,7530
prefill,6457,516
prefill,6458,4011
prefill,6459,8
prefill,6460,313
prefill,6461,198
prefill,6462,262
prefill,6463,54802
prefill,6464,2581
prefill,6465,11458
prefill,6466,12224
prefill,6467,1174
prefill,6468,198
prefill,6469,262
prefill,6470,50285
prefill,6471,980
prefill,6472,38681
prefill,6473,24337
prefill,6474,7530
prefill,6475,8207
prefill,6476,348
prefill,6477,5458
prefill,6478,283
prefill,6479,318
prefill,6480,13985
prefill,6481,980
prefill,6482,38681
prefill,6483,24337
prefill,6484,7530
prefill,6485,8207
prefill,6486,2501
prefill,6487,4011
prefill,6488,397
prefill,6489,2078
prefill,6490,26
prefill,6491,198
prefill,6492,262
prefill,6493,364
prefill,6494,318
prefill,6495,2073
prefill,6496,516
prefill,6497,585
prefill,6498,283
prefill,6499,220
prefill,6500,15
prefill,6501,26
prefill,6502,585
prefill,6503,361
prefill,6504,5458
prefill,6505,397
prefill,6506,77
prefill,6507,52759
prefill,6508,26
prefill,6509,585
prefill,6510,2377
prefill,6511,313
prefill,6512,198
prefill,6513,285
prefill,6514,50285
prefill,6515,980
prefill,6516,38681
prefill,6517,7530
prefill,6518,8636
prefill,6519,7267
prefill,6520,397
prefill,6521,58396
prefill,6522,957
prefill,6523,14545
prefill,6524,198
prefill,6525,262
prefill,6526,333
prefill,6527,271
prefill,6528,262
prefill,6529,1845
prefill,6530,7267
prefill,6531,397
prefill,6532,58396
prefill,6533,1174
prefill,6534,198
prefill,6535,262
prefill,6536,1845
prefill,6537,7267
prefill,6538,1174
prefill,6539,198
prefill,6540,92
prefill,6541,271
prefill,6542,1911
prefill,6543,715
prefill,6544,50285
prefill,6545,980
prefill,6546,38681
prefill,6547,24337
prefill,6548,7530
prefill,6549,21139
prefill,6550,3163
prefill,6551,70
prefill,6552,980
prefill,6553,38681
prefill,6554,7530
prefill,6555,516
prefill,6556,4011
prefill,6557,11
prefill,6558,2535
prefill,6559,23
prefill,6560,516
prefill,6561,869
prefill,6562,8
prefill,6563,313
prefill,6564,198
prefill,6565,262
prefill,6566,54802
prefill,6567,2581
prefill,6568,11458
prefill,6569,12224
prefill,6570,1174
prefill,6571,198
prefill,6572,262
prefill,6573,50285
prefill,6574,980
prefill,6575,38681
prefill,6576,24337
prefill,6577,7530
prefill,6578,8207
prefill,6579,348
prefill,6580,5458
prefill,6581,283
prefill,6582,318
prefill,6583,13985
prefill,6584,980
prefill,6585,38681
prefill,6586,24337
prefill,6587,7530
prefill,6588,8207
prefill,6589,2501
prefill,6590,4011
prefill,6591,397
prefill,6592,2078
prefill,6593,26
prefill,6594,198
prefill,6595,262
prefill,6596,364
prefill,6597,318
prefill,6598,2073
prefill,6599,516
prefill,6600,585
prefill,6601,283
prefill,6602,220
prefill,6603,15
prefill,6604,26
prefill,6605,585
prefill,6606,361
prefill,6607,5458
prefill,6608,397
prefill,6609,77
prefill,6610,52759
prefill,6611,26
prefill,6612,585
prefill,6613,2377
prefill,6614,313
prefill,6615,198
prefill,6616,285
prefill,6617,50285
prefill,6618,980
prefill,6619,38681
prefill,6620,7530
prefill,6621,21139
prefill,6622,7267
prefill,6623,397
prefill,6624,58396
prefill,6625,957
prefill,6626,1089
prefill,6627,869
prefill,6628,1174
prefill,6629,198
prefill,6630,262
prefill,6631,333
prefill,6632,198
prefill,6633,92
prefill,6634,271
prefill,6635,1911
prefill,6636,713
prefill,6637,1968
prefill,6638,50285
prefill,6639,980
prefill,6640,38681
prefill,6641,7530
prefill,6642,5150
prefill,6643,50285
prefill,6644,980
prefill,6645,38681
prefill,6646,24337
prefill,6647,7530
prefill,6648,5150
prefill,6649,283
prefill,6650,313
prefill,6651,198
prefill,6652,262
prefill,6653,1343
prefill,6654,641
prefill,6655,10279
prefill,6656,7530
prefill,6657,257
prefill,6658,283
prefill,6659,621
prefill,6660,50285
prefill,6661,980
prefill,6662,38681
prefill,6663,24337
prefill,6664,7530
prefill,6665,8636
prefill,6666,7530
prefill,6667,11
prefill,6668,198
prefill,6669,262
prefill,6670,1343
prefill,6671,641
prefill,6672,447
prefill,6673,7408
prefill,6674,285
prefill,6675,283
prefill,6676,621
prefill,6677,1708
prefill,6678,11
prefill,6679,198
prefill,6680,262
prefill,6681,1343
prefill,6682,641
prefill,6683,2251
prefill,6684,22464
prefill,6685,257
prefill,6686,283
prefill,6687,621
prefill,6688,1708
prefill,6689,11
prefill,6690,198
prefill,6691,262
prefill,6692,1343
prefill,6693,641
prefill,6694,94684
prefill,6695,22464
prefill,6696,256
prefill,6697,283
prefill,6698,621
prefill,6699,1708
prefill,6700,11
prefill,6701,198
prefill,6702,262
prefill,6703,1343
prefill,6704,641
prefill,6705,723
prefill,6706,22464
prefill,6707,406
prefill,6708,283
prefill,6709,621
prefill,6710,1708
prefill,6711,11
prefill,6712,198
prefill,6713,262
prefill,6714,1343
prefill,6715,641
prefill,6716,447
prefill,6717,22464
prefill,6718,406
prefill,6719,283
prefill,6720,621
prefill,6721,1708
prefill,6722,11
prefill,6723,198
prefill,6724,262
prefill,6725,1343
prefill,6726,641
prefill,6727,723
prefill,6728,22464
prefill,6729,62
prefill,6730,17
prefill,6731,67
prefill,6732,256
prefill,6733,283
prefill,6734,621
prefill,6735,1708
prefill,6736,11
prefill,6737,198
prefill,6738,262
prefill,6739,1343
prefill,6740,641
prefill,6741,447
prefill,6742,22464
prefill,6743,62
prefill,6744,17
prefill,6745,67
prefill,6746,256
prefill,6747,283
prefill,6748,621
prefill,6749,1708
prefill,6750,11
prefill,6751,198
prefill,6752,262
prefill,6753,1343
prefill,6754,641
prefill,6755,7398
prefill,6756,22464
prefill,6757,406
prefill,6758,283
prefill,6759,621
prefill,6760,1708
prefill,6761,11
prefill,6762,198
prefill,6763,262
prefill,6764,1343
prefill,6765,641
prefill,6766,7187
prefill,6767,1779
prefill,6768,283
prefill,6769,621
prefill,6770,50285
prefill,6771,980
prefill,6772,38681
prefill,6773,24337
prefill,6774,7530
prefill,6775,21139
prefill,6776,11
prefill,6777,198
prefill,6778,262
prefill,6779,1343
prefill,6780,641
prefill,6781,9428
prefill,6782,1779
prefill,6783,283
prefill,6784,621
prefill,6785,1708
prefill,6786,11
prefill,6787,198
prefill,6788,10738
prefill,6789,271
prefill,6790,13985
prefill,6791,980
prefill,6792,38681
prefill,6793,7530
prefill,6794,516
prefill,6795,50285
prefill,6796,980
prefill,6797,38681
prefill,6798,24337
prefill,6799,7530
prefill,6800,14373
prefill,6801,7530
prefill,6802,3163
prefill,6803,70
prefill,6804,980
prefill,6805,38681
prefill,6806,7530
prefill,6807,516
prefill,6808,348
prefill,6809,26502
prefill,6810,11
prefill,6811,1331
prefill,6812,516
prefill,6813,307
prefill,6814,52759
prefill,6815,8
prefill,6816,313
prefill,6817,198
prefill,6818,262
prefill,6819,50285
prefill,6820,980
prefill,6821,38681
prefill,6822,24337
prefill,6823,7530
prefill,6824,8207
prefill,6825,348
prefill,6826,5458
prefill,6827,283
prefill,6828,318
prefill,6829,13985
prefill,6830,980
prefill,6831,38681
prefill,6832,24337
prefill,6833,7530
prefill,6834,8207
prefill,6835,2501
prefill,6836,15270
prefill,6837,13521
prefill,6838,5970
prefill,6839,50285
prefill,6840,980
prefill,6841,38681
prefill,6842,24337
prefill,6843,7530
prefill,6844,8207
prefill,6845,5722
prefill,6846,198
prefill,6847,262
prefill,6848,5458
prefill,6849,397
prefill,6850,77
prefill,6851,52759
prefill,6852,283
prefill,6853,307
prefill,6854,52759
prefill,6855,26
prefill,6856,198
prefill,6857,262
prefill,6858,5458
prefill,6859,397
prefill,6860,58396
prefill,6861,283
prefill,6862,318
prefill,6863,13985
prefill,6864,980
prefill,6865,38681
prefill,6866,7530
prefill,6867,516
prefill,6868,2501
prefill,6869,15270
prefill,6870,1393
prefill,6871,52759
prefill,6872,348
prefill,6873,3802
prefill,6874,3163
prefill,6875,70
prefill,6876,980
prefill,6877,38681
prefill,6878,7530
prefill,6879,516
prefill,6880,5722
prefill,6881,271
prefill,6882,262
prefill,6883,54802
prefill,6884,2581
prefill,6885,11458
prefill,6886,7267
prefill,6887,397
prefill,6888,58396
prefill,6889,931
prefill,6890,1708
prefill,6891,1174
prefill,6892,271
prefill,6893,262
prefill,6894,1331
prefill,6895,516
prefill,6896,2702
prefill,6897,2291
prefill,6898,283
prefill,6899,220
prefill,6900,15
prefill,6901,26
prefill,6902,198
prefill,6903,262
prefill,6904,364
prefill,6905,318
prefill,6906,2073
prefill,6907,516
prefill,6908,585
prefill,6909,283
prefill,6910,220
prefill,6911,15
prefill,6912,26
prefill,6913,585
prefill,6914,361
prefill,6915,307
prefill,6916,52759
prefill,6917,26
prefill,6918,585
prefill,6919,2377
prefill,6920,313
prefill,6921,198
prefill,6922,285
prefill,6923,5458
prefill,6924,397
prefill,6925,58396
prefill,6926,957
prefill,6927,60
prefill,6928,283
prefill,6929,26502
prefill,6930,957
prefill,6931,5098
prefill,6932,198
prefill,6933,285
prefill,6934,2702
prefill,6935,2291
prefill,6936,1373
prefill,6937,50285
prefill,6938,980
prefill,6939,38681
prefill,6940,7530
prefill,6941,2964
prefill,6942,2291
prefill,6943,1818
prefill,6944,19725
prefill,6945,957
prefill,6946,14545
prefill,6947,198
prefill,6948,262
prefill,6949,333
prefill,6950,271
prefill,6951,262
prefill,6952,460
prefill,6953,50285
prefill,6954,980
prefill,6955,38681
prefill,6956,7530
prefill,6957,5945
prefill,6958,1818
prefill,6959,19725
prefill,6960,58
prefill,6961,15
prefill,6962,6096
prefill,6963,19044
prefill,6964,703
prefill,6965,11
prefill,6966,50285
prefill,6967,980
prefill,6968,38681
prefill,6969,24337
prefill,6970,7530
prefill,6971,5150
prefill,6972,11
prefill,6973,5458
prefill,6974,11
prefill,6975,2702
prefill,6976,2291
prefill,6977,1174
prefill,6978,198
prefill,6979,92
prefill,6980,271
prefill,6981,2554
prefill,6982,50285
prefill,6983,980
prefill,6984,38681
prefill,6985,7530
prefill,6986,6677
prefill,6987,24337
prefill,6988,7530
prefill,6989,3163
prefill,6990,70
prefill,6991,980
prefill,6992,38681
prefill,6993,7530
prefill,6994,516
prefill,6995,4011
prefill,6996,8
prefill,6997,313
prefill,6998,198
prefill,6999,262
prefill,7000,54802
prefill,7001,2581
prefill,7002,11458
prefill,7003,12224
prefill,7004,1174
prefill,7005,198
prefill,7006,262
prefill,7007,460
prefill,7008,4011
prefill,7009,397
prefill,7010,50901
prefill,7011,44078
prefill,7012,7530
prefill,7013,606
prefill,7014,50285
prefill,7015,980
prefill,7016,38681
prefill,7017,24337
prefill,7018,7530
prefill,7019,8636
prefill,7020,7530
prefill,7021,26
prefill,7022,198
prefill,7023,92
prefill,7024,271
prefill,7025,972
prefill,7026,50285
prefill,7027,980
prefill,7028,38681
prefill,7029,24337
prefill,7030,7530
prefill,7031,2516
prefill,7032,30470
prefill,7033,3163
prefill,7034,70
prefill,7035,980
prefill,7036,38681
prefill,7037,7530
prefill,7038,516
prefill,7039,4011
prefill,7040,11
prefill,7041,7376
prefill,7042,50285
prefill,7043,980
prefill,7044,38681
prefill,7045,7530
prefill,7046,30470
prefill,7047,10121
prefill,7048,8
prefill,7049,313
prefill,7050,198
prefill,7051,262
prefill,7052,54802
prefill,7053,2581
prefill,7054,11458
prefill,7055,12224
prefill,7056,1174
prefill,7057,198
prefill,7058,262
prefill,7059,54802
prefill,7060,2581
prefill,7061,11458
prefill,7062,3163
prefill,7063,70
prefill,7064,980
prefill,7065,38681
prefill,7066,7530
prefill,7067,6677
prefill,7068,24337
prefill,7069,7530
prefill,7070,12224
prefill,7071,5722
prefill,7072,198
prefill,7073,262
prefill,7074,50285
prefill,7075,980
prefill,7076,38681
prefill,7077,24337
prefill,7078,7530
prefill,7079,8207
prefill,7080,348
prefill,7081,5458
prefill,7082,283
prefill,7083,318
prefill,7084,13985
prefill,7085,980
prefill,7086,38681
prefill,7087,24337
prefill,7088,7530
prefill,7089,8207
prefill,7090,2501
prefill,7091,4011
prefill,7092,397
prefill,7093,2078
prefill,7094,26
prefill,7095,198
prefill,7096,262
prefill,7097,364
prefill,7098,318
prefill,7099,2073
prefill,7100,516
prefill,7101,585
prefill,7102,283
prefill,7103,220
prefill,7104,15
prefill,7105,26
prefill,7106,585
prefill,7107,361
prefill,7108,5458
prefill,7109,397
prefill,7110,77
prefill,7111,52759
prefill,7112,26
prefill,7113,585
prefill,7114,2377
prefill,7115,313
prefill,7116,198
prefill,7117,285
prefill,7118,50285
prefill,7119,980
prefill,7120,38681
prefill,7121,7530
prefill,7122,2516
prefill,7123,30470
prefill,7124,7267
prefill,7125,397
prefill,7126,58396
prefill,7127,957
prefill,7128,1089
prefill,7129,10121
prefill,7130,1174
prefill,7131,198
prefill,7132,262
prefill,7133,333
prefill,7134,198
prefill,7135,92
prefill,7136,271
prefill,7137,320
prefill,7138,11121
prefill,7139,264
prefill,7140,2880
prefill,7141,314
prefill,7142,279
prefill,7143,15167
prefill,7144,440
prefill,7145,279
prefill,7146,1788
prefill,7147,4779
prefill,7148,6576
prefill,7149,198
prefill,7150,1911
prefill,7151,1968
prefill,7152,50285
prefill,7153,980
prefill,7154,22464
prefill,7155,348
prefill,7156,50285
prefill,7157,980
prefill,7158,50186
prefill,7159,22464
prefill,7160,14051
prefill,7161,5970
prefill,7162,50285
prefill,7163,980
prefill,7164,8207
prefill,7165,348
prefill,7166,5458
prefill,7167,11
prefill,7168,713
prefill,7169,1968
prefill,7170,50285
prefill,7171,980
prefill,7172,22464
prefill,7173,348
prefill,7174,15167
prefill,7175,8
prefill,7176,313
prefill,7177,198
prefill,7178,262
prefill,7179,1968
prefill,7180,50285
prefill,7181,980
prefill,7182,22464
prefill,7183,348
prefill,7184,22030
prefill,7185,283
prefill,7186,50285
prefill,7187,980
prefill,7188,50186
prefill,7189,22464
prefill,7190,7267
prefill,7191,11
prefill,7192,15167
prefill,7193,1174
prefill,7194,198
prefill,7195,262
prefill,7196,364
prefill,7197,318
prefill,7198,390
prefill,7199,585
prefill,7200,283
prefill,7201,220
prefill,7202,15
prefill,7203,26
prefill,7204,585
prefill,7205,361
prefill,7206,54802
prefill,7207,2581
prefill,7208,6592
prefill,7209,38002
prefill,7210,50
prefill,7211,26
prefill,7212,585
prefill,7213,2377
prefill,7214,313
prefill,7215,198
prefill,7216,285
prefill,7217,22030
prefill,7218,397
prefill,7219,17541
prefill,7220,957
prefill,7221,60
prefill,7222,283
prefill,7223,15167
prefill,7224,397
prefill,7225,17541
prefill,7226,957
prefill,7227,5098
prefill,7228,198
prefill,7229,262
prefill,7230,333
prefill,7231,198
prefill,7232,262
prefill,7233,460
prefill,7234,22030
prefill,7235,26
prefill,7236,198
prefill,7237,92
prefill,7238,271
prefill,7239,1911
prefill,7240,1744
prefill,7241,50285
prefill,7242,980
prefill,7243,6677
prefill,7244,6900
prefill,7245,9981
prefill,7246,62364
prefill,7247,50285
prefill,7248,980
prefill,7249,9981
prefill,7250,1139
prefill,7251,8
prefill,7252,313
prefill,7253,198
prefill,7254,262
prefill,7255,460
prefill,7256,1139
prefill,7257,606
prefill,7258,54802
prefill,7259,2581
prefill,7260,13509
prefill,7261,23605
prefill,7262,1321
prefill,7263,1139
prefill,7264,606
prefill,7265,54802
prefill,7266,2581
prefill,7267,13509
prefill,7268,2123
prefill,7269,32045
prefill,7270,1679
prefill,7271,1321
prefill,7272,1139
prefill,7273,606
prefill,7274,54802
prefill,7275,2581
prefill,7276,13509
prefill,7277,10302
prefill,7278,44
prefill,7279,11118
prefill,7280,1321
prefill,7281,1139
prefill,7282,606
prefill,7283,54802
prefill,7284,2581
prefill,7285,13509
prefill,7286,28009
prefill,7287,6926
prefill,7288,26
prefill,7289,198
prefill,7290,92
prefill,7291,271
prefill,7292,320
prefill,7293,27867
prefill,7294,271
prefill,7295,5355
prefill,7296,54802
prefill,7297,2581
prefill,7298,83233
prefill,7299,6592
prefill,7300,75136
prefill,7301,50
prefill,7302,198
prefill,7303,1389
prefill,7304,54802
prefill,7305,2581
prefill,7306,83233
prefill,7307,6592
prefill,7308,75136
prefill,7309,50
prefill,7310,220
prefill,7311,16
prefill,7312,21
prefill,7313,198
prefill,7314,2576
prefill,7315,271
prefill,7316,5355
prefill,7317,54802
prefill,7318,2581
prefill,7319,83233
prefill,7320,6592
prefill,7321,73801
prefill,7322,20379
prefill,7323,50
prefill,7324,198
prefill,7325,1389
prefill,7326,54802
prefill,7327,2581
prefill,7328,83233
prefill,7329,6592
prefill,7330,73801
prefill,7331,20379
prefill,7332,50
prefill,7333,220
prefill,7334,18
prefill,7335,15
prefill,7336,198
prefill,7337,2576
prefill,7338,271
prefill,7339,5355
prefill,7340,54802
prefill,7341,2581
prefill,7342,83233
prefill,7343,6592
prefill,7344,19028
prefill,7345,1828
prefill,7346,1515
prefill,7347,198
prefill,7348,1389
prefill,7349,54802
prefill,7350,2581
prefill,7351,83233
prefill,7352,6592
prefill,7353,19028
prefill,7354,1828
prefill,7355,1515
prefill,7356,220
prefill,7357,19
prefill,7358,198
prefill,7359,2576
prefill,7360,271
prefill,7361,1193
prefill,7362,50285
prefill,7363,980
prefill,7364,38681
prefill,7365,65119
prefill,7366,16551
prefill,7367,313
prefill,7368,198
prefill,7369,262
prefill,7370,514
prefill,7371,18583
prefill,7372,816
prefill,7373,26
prefill,7374,198
prefill,7375,262
prefill,7376,514
prefill,7377,585
prefill,7378,4747
prefill,7379,26
prefill,7380,198
prefill,7381,262
prefill,7382,514
prefill,7383,585
prefill,7384,6018
prefill,7385,26
prefill,7386,198
prefill,7387,262
prefill,7388,1968
prefill,7389,50285
prefill,7390,980
prefill,7391,22464
prefill,7392,2972
prefill,7393,10804
prefill,7394,26
prefill,7395,198
prefill,7396,262
prefill,7397,514
prefill,7398,307
prefill,7399,27625
prefill,7400,26
prefill,7401,198
prefill,7402,262
prefill,7403,514
prefill,7404,10804
prefill,7405,34426
prefill,7406,26
prefill,7407,198
prefill,7408,262
prefill,7409,434
prefill,7410,4618
prefill,7411,1593
prefill,7412,314
prefill,7413,411
prefill,7414,6507
prefill,7415,198
prefill,7416,262
prefill,7417,1968
prefill,7418,50285
prefill,7419,980
prefill,7420,648
prefill,7421,4293
prefill,7422,4618
prefill,7423,26
prefill,7424,198
prefill,7425,10738
prefill,7426,271
prefill,7427,1193
prefill,7428,50285
prefill,7429,980
prefill,7430,38681
prefill,7431,65119
prefill,7432,13808
prefill,7433,517
prefill,7434,15248
prefill,7435,26
prefill,7436,271
prefill,7437,1193
prefill,7438,50285
prefill,7439,980
prefill,7440,38681
prefill,7441,65119
prefill,7442,313
prefill,7443,198
prefill,7444,262
prefill,7445,1744
prefill,7446,369
prefill,7447,18410
prefill,7448,26
prefill,7449,434
prefill,7450,804
prefill,7451,413
prefill,7452,279
prefill,7453,27867
prefill,7454,682
prefill,7455,978
prefill,7456,7345
prefill,7457,2394
prefill,7458,279
prefill,7459,1483
prefill,7460,4618
prefill,7461,6507
prefill,7462,198
prefill,7463,262
prefill,7464,1744
prefill,7465,369
prefill,7466,14373
prefill,7467,26
prefill,7468,271
prefill,7469,262
prefill,7470,514
prefill,7471,307
prefill,7472,3764
prefill,7473,1364
prefill,7474,26
prefill,7475,271
prefill,7476,262
prefill,7477,50285
prefill,7478,980
prefill,7479,38681
prefill,7480,516
prefill,7481,1142
prefill,7482,1364
prefill,7483,58
prefill,7484,21563
prefill,7485,2581
prefill,7486,83233
prefill,7487,6592
prefill,7488,75136
prefill,7489,50
prefill,7490,5098
prefill,7491,198
prefill,7492,262
prefill,7493,50285
prefill,7494,980
prefill,7495,38681
prefill,7496,7530
prefill,7497,1756
prefill,7498,516
prefill,7499,996
prefill,7500,42967
prefill,7501,58
prefill,7502,21563
prefill,7503,2581
prefill,7504,83233
prefill,7505,6592
prefill,7506,75136
prefill,7507,50
prefill,7508,5098
prefill,7509,198
prefill,7510,262
prefill,7511,50285
prefill,7512,980
prefill,7513,1824
prefill,7514,4589
prefill,7515,81
prefill,7516,516
prefill,7517,338
prefill,7518,4589
prefill,7519,26
prefill,7520,271
prefill,7521,262
prefill,7522,434
prefill,7523,5010
prefill,7524,2336
prefill,7525,314
prefill,7526,279
prefill,7527,7552
prefill,7528,303
prefill,7529,279
prefill,7530,4618
prefill,7531,198
prefill,7532,262
prefill,7533,1968
prefill,7534,50285
prefill,7535,980
prefill,7536,8680
prefill,7537,2516
prefill,7538,220
prefill,7539,5010
prefill,7540,2516
prefill,7541,26
prefill,7542,198
prefill,7543,262
prefill,7544,514
prefill,7545,336
prefill,7546,348
prefill,7547,22039
prefill,7548,22464
prefill,7549,38681
prefill,7550,7824
prefill,7551,26
prefill,7552,434
prefill,7553,498
prefill,7554,8038
prefill,7555,2516
prefill,7556,2406
prefill,7557,60
prefill,7558,198
prefill,7559,262
prefill,7560,1968
prefill,7561,50285
prefill,7562,980
prefill,7563,22464
prefill,7564,2972
prefill,7565,22039
prefill,7566,22464
prefill,7567,648
prefill,7568,72963
prefill,7569,26
prefill,7570,406
prefill,7571,434
prefill,7572,498
prefill,7573,8038
prefill,7574,2516
prefill,7575,2406
prefill,7576,1404
prefill,7577,77
prefill,7578,3764
prefill,7579,1364
prefill,7580,1404
prefill,7581,77
prefill,7582,648
prefill,7583,72963
prefill,7584,60
prefill,7585,271
prefill,7586,262
prefill,7587,514
prefill,7588,348
prefill,7589,2357
prefill,7590,38681
prefill,7591,7824
prefill,7592,26
prefill,7593,434
prefill,7594,498
prefill,7595,4293
prefill,7596,2291
prefill,7597,60
prefill,7598,198
prefill,7599,262
prefill,7600,514
prefill,7601,348
prefill,7602,15463
prefill,7603,38681
prefill,7604,7824
prefill,7605,26
prefill,7606,434
prefill,7607,498
prefill,7608,4293
prefill,7609,2291
prefill,7610,60
prefill,7611,271
prefill,7612,262
prefill,7613,514
prefill,7614,348
prefill,7615,7624
prefill,7616,4922
prefill,7617,38681
prefill,7618,7824
prefill,7619,26
prefill,7620,434
prefill,7621,498
prefill,7622,4293
prefill,7623,2291
prefill,7624,60
prefill,7625,198
prefill,7626,262
prefill,7627,514
prefill,7628,348
prefill,7629,7624
prefill,7630,37621
prefill,7631,38681
prefill,7632,7824
prefill,7633,26
prefill,7634,434
prefill,7635,498
prefill,7636,4293
prefill,7637,2291
prefill,7638,60
prefill,7639,271
prefill,7640,262
prefill,7641,434
prefill,7642,2880
prefill,7643,314
prefill,7644,279
prefill,7645,4618
prefill,7646,440
prefill,7647,10490
prefill,7648,10804
prefill,7649,198
prefill,7650,262
prefill,7651,1968
prefill,7652,50285
prefill,7653,980
prefill,7654,648
prefill,7655,4293
prefill,7656,4618
prefill,7657,26
prefill,7658,271
prefill,7659,262
prefill,7660,434
prefill,7661,4618
prefill,7662,39129
prefill,7663,198
prefill,7664,262
prefill,7665,1968
prefill,7666,50285
prefill,7667,980
prefill,7668,38681
prefill,7669,65119
prefill,7670,16551
prefill,7671,348
prefill,7672,39129
prefill,7673,26
prefill,7674,198
prefill,7675,262
prefill,7676,514
prefill,7677,307
prefill,7678,70518
prefill,7679,26
prefill,7680,198
prefill,7681,262
prefill,7682,514
prefill,7683,39129
prefill,7684,34426
prefill,7685,26
prefill,7686,271
prefill,7687,262
prefill,7688,434
prefill,7689,14855
prefill,7690,14835
prefill,7691,2074
prefill,7692,1761
prefill,7693,198
prefill,7694,262
prefill,7695,514
prefill,7696,307
prefill,7697,648
prefill,7698,72963
prefill,7699,26
prefill,7700,198
prefill,7701,262
prefill,7702,514
prefill,7703,2754
prefill,7704,15622
prefill,7705,26
prefill,7706,198
prefill,7707,262
prefill,7708,514
prefill,7709,1727
prefill,7710,15622
prefill,7711,26
prefill,7712,198
prefill,7713,262
prefill,7714,50285
prefill,7715,980
prefill,7716,38681
prefill,7717,6536
prefill,7718,516
prefill,7719,4216
prefill,7720,58
prefill,7721,21563
prefill,7722,2581
prefill,7723,83233
prefill,7724,6592
prefill,7725,75136
prefill,7726,50
prefill,7727,1404
prefill,7728,21563
prefill,7729,2581
prefill,7730,83233
prefill,7731,6592
prefill,7732,19028
prefill,7733,1828
prefill,7734,1515
prefill,7735,5098
prefill,7736,198
prefill,7737,262
prefill,7738,1968
prefill,7739,50285
prefill,7740,980
prefill,7741,22464
prefill,7742,2972
prefill,7743,4618
prefill,7744,27625
prefill,7745,26
prefill,7746,198
prefill,7747,262
prefill,7748,514
prefill,7749,307
prefill,7750,14312
prefill,7751,27625
prefill,7752,26
prefill,7753,198
prefill,7754,262
prefill,7755,514
prefill,7756,4618
prefill,7757,27625
prefill,7758,34426
prefill,7759,26
prefill,7760,271
prefill,7761,262
prefill,7762,1968
prefill,7763,50285
prefill,7764,980
prefill,7765,8207
prefill,7766,348
prefill,7767,5458
prefill,7768,26
prefill,7769,271
prefill,7770,262
prefill,7771,50285
prefill,7772,980
prefill,7773,38681
prefill,7774,65119
prefill,7775,20641
prefill,7776,12160
prefill,7777,4667
prefill,7778,20641
prefill,7779,26
prefill,7780,198
prefill,7781,262
prefill,7782,715
prefill,7783,348
prefill,7784,4667
prefill,7785,20641
prefill,7786,3208
prefill,7787,1707
prefill,7788,26
prefill,7789,271
prefill,7790,262
prefill,7791,1122
prefill,7792,348
prefill,7793,2193
prefill,7794,7530
prefill,7795,26
prefill,7796,198
prefill,7797,262
prefill,7798,1331
prefill,7799,516
prefill,7800,2193
prefill,7801,7530
prefill,7802,2291
prefill,7803,26
prefill,7804,271
prefill,7805,262
prefill,7806,1744
prefill,7807,1139
prefill,7808,13258
prefill,7809,1043
prefill,7810,26
prefill,7811,271
prefill,7812,262
prefill,7813,514
prefill,7814,7156
prefill,7815,26
prefill,7816,271
prefill,7817,262
prefill,7818,434
prefill,7819,1429
prefill,7820,364
prefill,7821,26805
prefill,7822,4618
prefill,7823,1865
prefill,7824,30278
prefill,7825,498
prefill,7826,21563
prefill,7827,2581
prefill,7828,83233
prefill,7829,10816
prefill,7830,29127
prefill,7831,11709
prefill,7832,60
prefill,7833,198
prefill,7834,262
prefill,7835,434
prefill,7836,1985
prefill,7837,25
prefill,7838,3577
prefill,7839,1074
prefill,7840,5039
prefill,7841,877
prefill,7842,4691
prefill,7843,70
prefill,7844,980
prefill,7845,68767
prefill,7846,14
prefill,7847,636
prefill,7848,2933
prefill,7849,6982
prefill,7850,4181
prefill,7851,602
prefill,7852,14
prefill,7853,16
prefill,7854,22
prefill,7855,21
prefill,7856,16
prefill,7857,22
prefill,7858,198
prefill,7859,262
prefill,7860,514
prefill,7861,7156
prefill,7862,1243
prefill,7863,4589
prefill,7864,26
prefill,7865,198
prefill,7866,262
prefill,7867,514
prefill,7868,7156
prefill,7869,14312
prefill,7870,2291
prefill,7871,26
prefill,7872,198
prefill,7873,262
prefill,7874,514
prefill,7875,7156
prefill,7876,24752
prefill,7877,14312
prefill,7878,2291
prefill,7879,26
prefill,7880,271
prefill,7881,262
prefill,7882,50285
prefill,7883,980
prefill,7884,38681
prefill,7885,65119
prefill,7886,13808
prefill,7887,517
prefill,7888,15248
prefill,7889,348
prefill,7890,6009
prefill,7891,15248
prefill,7892,26
prefill,7893,198
prefill,7894,262
prefill,7895,11498
prefill,7896,348
prefill,7897,5353
prefill,7898,26
prefill,7899,198
prefill,7900,262
prefill,7901,11498
prefill,7902,348
prefill,7903,5832
prefill,7904,13393
prefill,7905,26
prefill,7906,198
prefill,7907,262
prefill,7908,2535
prefill,7909,21
prefill,7910,19
prefill,7911,516
prefill,7912,5353
prefill,7913,816
prefill,7914,26
prefill,7915,198
prefill,7916,262
prefill,7917,2535
prefill,7918,21
prefill,7919,19
prefill,7920,516
prefill,7921,5353
prefill,7922,13042
prefill,7923,26
prefill,7924,198
prefill,7925,10738
prefill,7926,271
prefill,7927,1911
prefill,7928,1407
prefill,7929,476
prefill,7930,21670
prefill,7931,50285
prefill,7932,980
prefill,7933,38681
prefill,7934,65119
prefill,7935,13393
prefill,7936,13798
prefill,7937,26
prefill,7938,271
prefill,7939,1911
prefill,7940,1407
prefill,7941,476
prefill,7942,889
prefill,7943,50285
prefill,7944,980
prefill,7945,38681
prefill,7946,65119
prefill,7947,13393
prefill,7948,43727
prefill,7949,2654
prefill,7950,1122
prefill,7951,348
prefill,7952,869
prefill,7953,8
prefill,7954,313
prefill,7955,198
prefill,7956,262
prefill,7957,1407
prefill,7958,476
prefill,7959,889
prefill,7960,1067
prefill,7961,283
prefill,7962,15430
prefill,7963,4961
prefill,7964,198
prefill,7965,262
prefill,7966,364
prefill,7967,318
prefill,7968,989
prefill,7969,1122
prefill,7970,348
prefill,7971,280
prefill,7972,283
prefill,7973,869
prefill,7974,26
prefill,7975,348
prefill,7976,79
prefill,7977,26
prefill,7978,3333
prefill,7979,79
prefill,7980,8
prefill,7981,313
prefill,7982,198
prefill,7983,285
prefill,7984,413
prefill,7985,4460
prefill,7986,79
prefill,7987,606
prefill,7988,6905
prefill,7989,837
prefill,7990,313
prefill,7991,198
prefill,7992,309
prefill,7993,1067
prefill,7994,1373
prefill,7995,6905
prefill,7996,6750
prefill,7997,198
prefill,7998,285
prefill,7999,333
prefill,8000,198
prefill,8001,285
prefill,8002,1067
prefill,8003,1373
prefill,8004,348
prefill,8005,79
prefill,8006,26
prefill,8007,198
prefill,8008,262
prefill,8009,333
prefill,8010,198
prefill,8011,262
prefill,8012,460
prefill,8013,1067
prefill,8014,478
prefill,8015,6905
prefill,8016,6750
prefill,8017,198
prefill,8018,92
prefill,8019,271
prefill,8020,1193
prefill,8021,50285
prefill,8022,980
prefill,8023,38681
prefill,8024,65119
prefill,8025,13393
prefill,8026,22475
prefill,8027,313
prefill,8028,198
prefill,8029,262
prefill,8030,50285
prefill,8031,980
prefill,8032,38681
prefill,8033,65119
prefill,8034,516
prefill,8035,5400
prefill,8036,26
prefill,8037,198
prefill,8038,262
prefill,8039,514
prefill,8040,6507
prefill,8041,26
prefill,8042,198
prefill,8043,262
prefill,8044,713
prefill,8045,1122
prefill,8046,348
prefill,8047,1484
prefill,8048,26
prefill,8049,198
prefill,8050,262
prefill,8051,50285
prefill,8052,980
prefill,8053,38681
prefill,8054,516
prefill,8055,2450
prefill,8056,26
prefill,8057,198
prefill,8058,262
prefill,8059,50285
prefill,8060,980
prefill,8061,38681
prefill,8062,516
prefill,8063,8833
prefill,8064,26
prefill,8065,198
prefill,8066,262
prefill,8067,713
prefill,8068,50285
prefill,8069,980
prefill,8070,22464
prefill,8071,348
prefill,8072,15167
prefill,8073,26
prefill,8074,198
prefill,8075,262
prefill,8076,514
prefill,8077,21
prefill,8078,19
prefill,8079,516
prefill,8080,1151
prefill,8081,26
prefill,8082,198
prefill,8083,262
prefill,8084,1331
prefill,8085,516
prefill,8086,5639
prefill,8087,283
prefill,8088,220
prefill,8089,15
prefill,8090,26
prefill,8091,198
prefill,8092,262
prefill,8093,1331
prefill,8094,516
prefill,8095,5132
prefill,8096,283
prefill,8097,220
prefill,8098,15
prefill,8099,26
prefill,8100,198
prefill,8101,262
prefill,8102,1331
prefill,8103,516
prefill,8104,4011
prefill,8105,12164
prefill,8106,283
prefill,8107,220
prefill,8108,15
prefill,8109,26
prefill,8110,198
prefill,8111,262
prefill,8112,50285
prefill,8113,980
prefill,8114,4620
prefill,8115,2552
prefill,8116,283
prefill,8117,54802
prefill,8118,2581
prefill,8119,9070
prefill,8120,8560
prefill,8121,26
prefill,8122,271
prefill,8123,262
prefill,8124,50285
prefill,8125,980
prefill,8126,38681
prefill,8127,65119
prefill,8128,13393
prefill,8129,22475
prefill,8130,3163
prefill,8131,70
prefill,8132,980
prefill,8133,38681
prefill,8134,65119
prefill,8135,516
prefill,8136,5400
prefill,8137,11
prefill,8138,514
prefill,8139,6507
prefill,8140,11
prefill,8141,713
prefill,8142,1122
prefill,8143,348
prefill,8144,1484
prefill,8145,11
prefill,8146,198
prefill,8147,309
prefill,8148,50285
prefill,8149,980
prefill,8150,38681
prefill,8151,516
prefill,8152,2450
prefill,8153,283
prefill,8154,6613
prefill,8155,11
prefill,8156,50285
prefill,8157,980
prefill,8158,38681
prefill,8159,516
prefill,8160,8833
prefill,8161,283
prefill,8162,6613
prefill,8163,11
prefill,8164,713
prefill,8165,50285
prefill,8166,980
prefill,8167,22464
prefill,8168,348
prefill,8169,15167
prefill,8170,283
prefill,8171,6613
prefill,8172,8
prefill,8173,535
prefill,8174,198
prefill,8175,285
prefill,8176,5400
prefill,8177,1104
prefill,8178,2320
prefill,8179,681
prefill,8180,6507
prefill,8181,38628
prefill,8182,681
prefill,8183,1484
prefill,8184,6039
prefill,8185,681
prefill,8186,2450
prefill,8187,12080
prefill,8188,681
prefill,8189,8833
prefill,8190,46473
prefill,8191,681
prefill,8192,15167
prefill,8193,83056
prefill,8194,681
prefill,8195,198
prefill,8196,285
prefill,8197,1151
prefill,8198,1104
prefill,8199,2320
prefill,8200,397
prefill,8201,5197
prefill,8202,907
prefill,8203,50285
prefill,8204,980
prefill,8205,2914
prefill,8206,10979
prefill,8207,363
prefill,8208,535
prefill,8209,220
prefill,8210,15
prefill,8211,8
prefill,8212,4535
prefill,8213,271
prefill,8214,262
prefill,8215,3835
prefill,8216,13985
prefill,8217,980
prefill,8218,38681
prefill,8219,65119
prefill,8220,13393
prefill,8221,22475
prefill,8222,363
prefill,8223,313
prefill,8224,198
prefill,8225,285
prefill,8226,413
prefill,8227,1451
prefill,8228,69788
prefill,8229,397
prefill,8230,5197
prefill,8231,8
prefill,8232,313
prefill,8233,198
prefill,8234,309
prefill,8235,460
prefill,8236,26
prefill,8237,198
prefill,8238,285
prefill,8239,333
prefill,8240,198
prefill,8241,285
prefill,8242,713
prefill,8243,514
prefill,8244,21
prefill,8245,19
prefill,8246,516
prefill,8247,24528
prefill,8248,283
prefill,8249,50285
prefill,8250,980
prefill,8251,2914
prefill,8252,10979
prefill,8253,363
prefill,8254,471
prefill,8255,1151
prefill,8256,26
prefill,8257,198
prefill,8258,285
prefill,8259,713
prefill,8260,3129
prefill,8261,2212
prefill,8262,283
prefill,8263,50285
prefill,8264,980
prefill,8265,38681
prefill,8266,65119
prefill,8267,13393
prefill,8268,43727
prefill,8269,12080
prefill,8270,907
prefill,8271,50285
prefill,8272,980
prefill,8273,38681
prefill,8274,1224
prefill,8275,12080
prefill,8276,8
prefill,8277,535
prefill,8278,90521
prefill,8279,198
prefill,8280,285
prefill,8281,713
prefill,8282,3129
prefill,8283,10333
prefill,8284,283
prefill,8285,50285
prefill,8286,980
prefill,8287,38681
prefill,8288,65119
prefill,8289,13393
prefill,8290,43727
prefill,8291,46473
prefill,8292,907
prefill,8293,50285
prefill,8294,980
prefill,8295,38681
prefill,8296,1224
prefill,8297,46473
prefill,8298,8
prefill,8299,535
prefill,8300,90521
prefill,8301,198
prefill,8302,285
prefill,8303,713
prefill,8304,3129
prefill,8305,803
prefill,8306,283
prefill,8307,50285
prefill,8308,980
prefill,8309,38681
prefill,8310,65119
prefill,8311,13393
prefill,8312,43727
prefill,8313,83056
prefill,8314,907
prefill,8315,15167
prefill,8316,397
prefill,8317,591
prefill,8318,535
prefill,8319,90521
prefill,8320,198
prefill,8321,285
prefill,8322,1407
prefill,8323,476
prefill,8324,988
prefill,8325,35577
prefill,8326,7797
prefill,8327,476
prefill,8328,21670
prefill,8329,29
prefill,8330,5128
prefill,8331,3163
prefill,8332,70
prefill,8333,980
prefill,8334,38681
prefill,8335,65119
prefill,8336,13393
prefill,8337,13798
prefill,8338,1174
prefill,8339,198
prefill,8340,285
prefill,8341,9098
prefill,8342,1104
prefill,8343,2320
prefill,8344,397
prefill,8345,5197
prefill,8346,11
prefill,8347,5775
prefill,8348,58702
prefill,8349,17650
prefill,8350,58702
prefill,8351,17650
prefill,8352,67
prefill,8353,17650
prefill,8354,82
prefill,8355,17650
prefill,8356,82
prefill,8357,17650
prefill,8358,82
prefill,8359,17650
prefill,8360,82
prefill,8361,17650
prefill,8362,31388
prefill,8363,17650
prefill,8364,31388
prefill,8365,17650
prefill,8366,24837
prefill,8367,17650
prefill,8368,24837
prefill,8369,17650
prefill,8370,24837
prefill,8371,17650
prefill,8372,67
prefill,8373,1639
prefill,8374,487
prefill,8375,198
prefill,8376,388
prefill,8377,318
prefill,8378,3504
prefill,8379,1248
prefill,8380,1248
prefill,8381,8
prefill,8382,5400
prefill,8383,397
prefill,8384,5197
prefill,8385,816
prefill,8386,11
prefill,8387,318
prefill,8388,3504
prefill,8389,1248
prefill,8390,1248
prefill,8391,8
prefill,8392,5400
prefill,8393,397
prefill,8394,5197
prefill,8395,13042
prefill,8396,11
prefill,8397,6507
prefill,8398,11
prefill,8399,1484
prefill,8400,11
prefill,8401,198
prefill,8402,388
prefill,8403,2212
prefill,8404,508
prefill,8405,2801
prefill,8406,1453
prefill,8407,10333
prefill,8408,508
prefill,8409,2801
prefill,8410,1453
prefill,8411,803
prefill,8412,508
prefill,8413,2801
prefill,8414,1453
prefill,8415,318
prefill,8416,4670
prefill,8417,1248
prefill,8418,8
prefill,8419,1151
prefill,8420,11
prefill,8421,318
prefill,8422,4670
prefill,8423,1248
prefill,8424,8
prefill,8425,24528
prefill,8426,11
prefill,8427,198
prefill,8428,388
prefill,8429,5639
prefill,8430,11
prefill,8431,5132
prefill,8432,11
prefill,8433,4011
prefill,8434,12164
prefill,8435,11
prefill,8436,318
prefill,8437,390
prefill,8438,8
prefill,8439,2552
prefill,8440,1174
prefill,8441,198
prefill,8442,285
prefill,8443,413
prefill,8444,318
prefill,8445,69
prefill,8446,815
prefill,8447,1104
prefill,8448,2320
prefill,8449,397
prefill,8450,5197
prefill,8451,578
prefill,8452,313
prefill,8453,198
prefill,8454,309
prefill,8455,54802
prefill,8456,2581
prefill,8457,8159
prefill,8458,5246
prefill,8459,437
prefill,8460,60991
prefill,8461,5353
prefill,8462,3165
prefill,8463,4490
prefill,8464,26
prefill,8465,53236
prefill,8466,8127
prefill,8467,1639
prefill,8468,4876
prefill,8469,198
prefill,8470,309
prefill,8471,26328
prefill,8472,1104
prefill,8473,2320
prefill,8474,397
prefill,8475,5197
prefill,8476,1174
prefill,8477,198
prefill,8478,309
prefill,8479,5400
prefill,8480,397
prefill,8481,5197
prefill,8482,283
prefill,8483,6613
prefill,8484,26
prefill,8485,198
prefill,8486,285
prefill,8487,333
prefill,8488,198
prefill,8489,262
prefill,8490,333
prefill,8491,198
prefill,8492,10738
prefill,8493,271
prefill,8494,1911
prefill,8495,715
prefill,8496,50285
prefill,8497,980
prefill,8498,38681
prefill,8499,65119
prefill,8500,13393
prefill,8501,62143
prefill,8502,3163
prefill,8503,70
prefill,8504,980
prefill,8505,38681
prefill,8506,65119
prefill,8507,516
prefill,8508,5400
prefill,8509,11
prefill,8510,713
prefill,8511,50285
prefill,8512,980
prefill,8513,22464
prefill,8514,348
prefill,8515,13914
prefill,8516,11
prefill,8517,198
prefill,8518,285
prefill,8519,713
prefill,8520,50285
prefill,8521,980
prefill,8522,22464
prefill,8523,348
prefill,8524,13746
prefill,8525,11
prefill,8526,713
prefill,8527,715
prefill,8528,348
prefill,8529,795
prefill,8530,8
prefill,8531,313
prefill,8532,198
prefill,8533,262
prefill,8534,413
prefill,8535,1451
prefill,8536,69788
prefill,8537,397
prefill,8538,8695
prefill,8539,13393
prefill,8540,8
prefill,8541,313
prefill,8542,198
prefill,8543,285
prefill,8544,460
prefill,8545,26
prefill,8546,198
prefill,8547,262
prefill,8548,333
prefill,8549,198
prefill,8550,262
prefill,8551,1407
prefill,8552,476
prefill,8553,988
prefill,8554,35577
prefill,8555,7797
prefill,8556,476
prefill,8557,21670
prefill,8558,29
prefill,8559,5128
prefill,8560,3163
prefill,8561,70
prefill,8562,980
prefill,8563,38681
prefill,8564,65119
prefill,8565,13393
prefill,8566,13798
prefill,8567,1174
prefill,8568,198
prefill,8569,262
prefill,8570,413
prefill,8571,318
prefill,8572,3256
prefill,8573,397
prefill,8574,1267
prefill,8575,931
prefill,8576,54802
prefill,8577,2581
prefill,8578,4051
prefill,8579,7708
prefill,8580,18
prefill,8581,17
prefill,8582,1321
prefill,8583,13746
prefill,8584,397
prefill,8585,785
prefill,8586,58
prefill,8587,17
prefill,8588,60
prefill,8589,931
prefill,8590,220
prefill,8591,16
prefill,8592,1321
prefill,8593,13746
prefill,8594,397
prefill,8595,785
prefill,8596,58
prefill,8597,18
prefill,8598,60
prefill,8599,931
prefill,8600,220
prefill,8601,16
prefill,8602,8
prefill,8603,313
prefill,8604,198
prefill,8605,285
prefill,8606,54802
prefill,8607,2581
prefill,8608,8159
prefill,8609,5246
prefill,8610,437
prefill,8611,78349
prefill,8612,27867
prefill,8613,5832
prefill,8614,5893
prefill,8615,26
prefill,8616,28109
prefill,8617,5353
prefill,8618,8127
prefill,8619,1639
prefill,8620,4876
prefill,8621,198
prefill,8622,285
prefill,8623,26328
prefill,8624,1104
prefill,8625,2320
prefill,8626,397
prefill,8627,8695
prefill,8628,13393
prefill,8629,1174
prefill,8630,198
prefill,8631,285
prefill,8632,5400
prefill,8633,397
prefill,8634,8695
prefill,8635,13393
prefill,8636,283
prefill,8637,6613
prefill,8638,26
prefill,8639,198
prefill,8640,285
prefill,8641,460
prefill,8642,26
prefill,8643,198
prefill,8644,262
prefill,8645,333
prefill,8646,198
prefill,8647,262
prefill,8648,713
prefill,8649,3129
prefill,8650,803
prefill,8651,283
prefill,8652,50285
prefill,8653,980
prefill,8654,38681
prefill,8655,65119
prefill,8656,13393
prefill,8657,43727
prefill,8658,60491
prefill,8659,397
prefill,8660,591
prefill,8661,1174
prefill,8662,198
prefill,8663,262
prefill,8664,713
prefill,8665,514
prefill,8666,21
prefill,8667,19
prefill,8668,516
prefill,8669,1381
prefill,8670,283
prefill,8671,50285
prefill,8672,980
prefill,8673,2914
prefill,8674,10979
prefill,8675,2061
prefill,8676,198
prefill,8677,262
prefill,8678,364
prefill,8679,318
prefill,8680,390
prefill,8681,21
prefill,8682,19
prefill,8683,516
prefill,8684,3817
prefill,8685,283
prefill,8686,220
prefill,8687,15
prefill,8688,26
prefill,8689,3817
prefill,8690,361
prefill,8691,13746
prefill,8692,397
prefill,8693,785
prefill,8694,58
prefill,8695,16
prefill,8696,5098
prefill,8697,3333
prefill,8698,5658
prefill,8699,8
prefill,8700,313
prefill,8701,198
prefill,8702,285
prefill,8703,364
prefill,8704,318
prefill,8705,390
prefill,8706,21
prefill,8707,19
prefill,8708,516
prefill,8709,6857
prefill,8710,283
prefill,8711,220
prefill,8712,15
prefill,8713,26
prefill,8714,6857
prefill,8715,361
prefill,8716,13746
prefill,8717,397
prefill,8718,785
prefill,8719,58
prefill,8720,15
prefill,8721,5098
prefill,8722,3333
prefill,8723,12748
prefill,8724,8
prefill,8725,313
prefill,8726,198
prefill,8727,309
prefill,8728,514
prefill,8729,18
prefill,8730,17
prefill,8731,516
prefill,8732,6009
prefill,8733,26
prefill,8734,198
prefill,8735,309
prefill,8736,19193
prefill,8737,2031
prefill,8738,71376
prefill,8739,11
prefill,8740,318
prefill,8741,989
prefill,8742,2535
prefill,8743,23
prefill,8744,516
prefill,8745,2501
prefill,8746,795
prefill,8747,478
prefill,8748,3817
prefill,8749,348
prefill,8750,13746
prefill,8751,397
prefill,8752,17541
prefill,8753,58
prefill,8754,16
prefill,8755,60
prefill,8756,478
prefill,8757,6857
prefill,8758,348
prefill,8759,13746
prefill,8760,397
prefill,8761,17541
prefill,8762,58
prefill,8763,15
prefill,8764,1089
prefill,8765,3802
prefill,8766,25041
prefill,8767,517
prefill,8768,5722
prefill,8769,198
prefill,8770,309
prefill,8771,9098
prefill,8772,1104
prefill,8773,2320
prefill,8774,397
prefill,8775,8695
prefill,8776,13393
prefill,8777,11
prefill,8778,5775
prefill,8779,58702
prefill,8780,17650
prefill,8781,58702
prefill,8782,11
prefill,8783,9643
prefill,8784,17650
prefill,8785,82
prefill,8786,17650
prefill,8787,31388
prefill,8788,17650
prefill,8789,31388
prefill,8790,17650
prefill,8791,31388
prefill,8792,17650
prefill,8793,31388
prefill,8794,17650
prefill,8795,67
prefill,8796,17650
prefill,8797,31388
prefill,8798,1639
prefill,8799,487
prefill,8800,198
prefill,8801,493
prefill,8802,318
prefill,8803,3504
prefill,8804,1248
prefill,8805,1248
prefill,8806,8
prefill,8807,5400
prefill,8808,397
prefill,8809,5197
prefill,8810,816
prefill,8811,11
prefill,8812,318
prefill,8813,3504
prefill,8814,1248
prefill,8815,1248
prefill,8816,8
prefill,8817,5400
prefill,8818,397
prefill,8819,5197
prefill,8820,13042
prefill,8821,11
prefill,8822,803
prefill,8823,508
prefill,8824,2801
prefill,8825,1453
prefill,8826,198
prefill,8827,493
prefill,8828,318
prefill,8829,4670
prefill,8830,1248
prefill,8831,8
prefill,8832,13914
prefill,8833,397
prefill,8834,785
prefill,8835,58
prefill,8836,17
prefill,8837,1089
prefill,8838,318
prefill,8839,4670
prefill,8840,1248
prefill,8841,8
prefill,8842,13746
prefill,8843,397
prefill,8844,785
prefill,8845,58
prefill,8846,16
prefill,8847,1089
prefill,8848,318
prefill,8849,4670
prefill,8850,1248
prefill,8851,8
prefill,8852,3817
prefill,8853,11
prefill,8854,318
prefill,8855,4670
prefill,8856,1248
prefill,8857,8
prefill,8858,6857
prefill,8859,11
prefill,8860,198
prefill,8861,493
prefill,8862,6009
prefill,8863,11
prefill,8864,318
prefill,8865,4670
prefill,8866,1248
prefill,8867,8
prefill,8868,1381
prefill,8869,1174
prefill,8870,198
prefill,8871,285
prefill,8872,333
prefill,8873,198
prefill,8874,262
prefill,8875,333
prefill,8876,198
prefill,8877,262
prefill,8878,413
prefill,8879,318
prefill,8880,69
prefill,8881,815
prefill,8882,1104
prefill,8883,2320
prefill,8884,397
prefill,8885,8695
prefill,8886,13393
prefill,8887,578
prefill,8888,313
prefill,8889,198
prefill,8890,285
prefill,8891,54802
prefill,8892,2581
prefill,8893,8159
prefill,8894,5246
prefill,8895,437
prefill,8896,60991
prefill,8897,5832
prefill,8898,5353
prefill,8899,3165
prefill,8900,4490
prefill,8901,26
prefill,8902,28109
prefill,8903,5353
prefill,8904,8127
prefill,8905,1639
prefill,8906,4876
prefill,8907,198
prefill,8908,285
prefill,8909,26328
prefill,8910,1104
prefill,8911,2320
prefill,8912,397
prefill,8913,8695
prefill,8914,13393
prefill,8915,1174
prefill,8916,198
prefill,8917,285
prefill,8918,5400
prefill,8919,397
prefill,8920,8695
prefill,8921,13393
prefill,8922,283
prefill,8923,6613
prefill,8924,26
prefill,8925,198
prefill,8926,262
prefill,8927,333
prefill,8928,198
prefill,8929,92
prefill,8930,271
prefill,8931,1911
prefill,8932,715
prefill,8933,50285
prefill,8934,980
prefill,8935,38681
prefill,8936,65119
prefill,8937,13393
prefill,8938,21124
prefill,8939,62143
prefill,8940,3163
prefill,8941,70
prefill,8942,980
prefill,8943,38681
prefill,8944,65119
prefill,8945,516
prefill,8946,5400
prefill,8947,11
prefill,8948,50285
prefill,8949,980
prefill,8950,38681
prefill,8951,516
prefill,8952,18583
prefill,8953,11
prefill,8954,198
prefill,8955,285
prefill,8956,713
prefill,8957,50285
prefill,8958,980
prefill,8959,648
prefill,8960,4293
prefill,8961,348
prefill,8962,4618
prefill,8963,8
prefill,8964,313
prefill,8965,198
prefill,8966,262
prefill,8967,434
prefill,8968,16213
prefill,8969,13540
prefill,8970,4618
prefill,8971,55120
prefill,8972,4523
prefill,8973,1238
prefill,8974,1141
prefill,8975,11525
prefill,8976,7087
prefill,8977,31941
prefill,8978,13
prefill,8979,198
prefill,8980,262
prefill,8981,413
prefill,8982,1451
prefill,8983,69788
prefill,8984,397
prefill,8985,8695
prefill,8986,13393
prefill,8987,1321
prefill,8988,23510
prefill,8989,3163
prefill,8990,70
prefill,8991,980
prefill,8992,38681
prefill,8993,1224
prefill,8994,7
prefill,8995,20302
prefill,8996,681
prefill,8997,328
prefill,8998,30576
prefill,8999,871
prefill,9000,931
prefill,9001,220
prefill,9002,15
prefill,9003,8
prefill,9004,313
prefill,9005,198
prefill,9006,285
prefill,9007,460
prefill,9008,26
prefill,9009,198
prefill,9010,262
prefill,9011,333
prefill,9012,198
prefill,9013,262
prefill,9014,364
prefill,9015,318
prefill,9016,390
prefill,9017,585
prefill,9018,283
prefill,9019,220
prefill,9020,15
prefill,9021,26
prefill,9022,585
prefill,9023,361
prefill,9024,4618
prefill,9025,397
prefill,9026,77
prefill,9027,14465
prefill,9028,26
prefill,9029,3333
prefill,9030,72
prefill,9031,8
prefill,9032,313
prefill,9033,198
prefill,9034,285
prefill,9035,713
prefill,9036,50285
prefill,9037,980
prefill,9038,22464
prefill,9039,348
prefill,9040,2357
prefill,9041,283
prefill,9042,4618
prefill,9043,397
prefill,9044,19398
prefill,9045,957
prefill,9046,5098
prefill,9047,198
prefill,9048,285
prefill,9049,413
prefill,9050,318
prefill,9051,3394
prefill,9052,397
prefill,9053,445
prefill,9054,606
prefill,9055,54802
prefill,9056,2581
prefill,9057,13509
prefill,9058,88274
prefill,9059,69475
prefill,9060,3340
prefill,9061,976
prefill,9062,50285
prefill,9063,980
prefill,9064,38681
prefill,9065,7530
prefill,9066,6677
prefill,9067,12480
prefill,9068,6742
prefill,9069,397
prefill,9070,3431
prefill,9071,58
prefill,9072,17
prefill,9073,6096
prefill,9074,7333
prefill,9075,578
prefill,9076,313
prefill,9077,198
prefill,9078,309
prefill,9079,50285
prefill,9080,980
prefill,9081,38681
prefill,9082,65119
prefill,9083,13393
prefill,9084,62143
prefill,9085,1104
prefill,9086,2320
prefill,9087,11
prefill,9088,2357
prefill,9089,397
prefill,9090,3431
prefill,9091,58
prefill,9092,15
prefill,9093,1089
prefill,9094,2357
prefill,9095,397
prefill,9096,3431
prefill,9097,58
prefill,9098,17
prefill,9099,1089
prefill,9100,2357
prefill,9101,397
prefill,9102,3431
prefill,9103,58
prefill,9104,17
prefill,9105,6096
prefill,9106,673
prefill,9107,1174
prefill,9108,198
prefill,9109,285
prefill,9110,333
prefill,9111,198
prefill,9112,262
prefill,9113,333
prefill,9114,198
prefill,9115,92
prefill,9116,271
prefill,9117,1193
prefill,9118,50285
prefill,9119,980
prefill,9120,38681
prefill,9121,65119
prefill,9122,13808
prefill,9123,517
prefill,9124,15248
prefill,9125,313
prefill,9126,198
prefill,9127,262
prefill,9128,514
prefill,9129,6000
prefill,9130,11
prefill,9131,15250
prefill,9132,26
prefill,9133,198
prefill,9134,262
prefill,9135,1331
prefill,9136,516
prefill,9137,7786
prefill,9138,26
prefill,9139,198
prefill,9140,262
prefill,9141,50285
prefill,9142,980
prefill,9143,38681
prefill,9144,13808
prefill,9145,517
prefill,9146,15248
prefill,9147,7087
prefill,9148,26
prefill,9149,198
prefill,9150,262
prefill,9151,1407
prefill,9152,476
prefill,9153,1595
prefill,9154,27
prefill,9155,13985
prefill,9156,980
prefill,9157,22464
prefill,9158,11439
prefill,9159,220
prefill,9160,18
prefill,9161,29
prefill,9162,13914
prefill,9163,6061
prefill,9164,26
prefill,9165,198
prefill,9166,262
prefill,9167,50285
prefill,9168,980
prefill,9169,38681
prefill,9170,516
prefill,9171,18583
prefill,9172,283
prefill,9173,6613
prefill,9174,26
prefill,9175,198
prefill,9176,262
prefill,9177,50285
prefill,9178,980
prefill,9179,8207
prefill,9180,348
prefill,9181,13746
prefill,9182,14705
prefill,9183,283
prefill,9184,6613
prefill,9185,26
prefill,9186,198
prefill,9187,262
prefill,9188,50285
prefill,9189,980
prefill,9190,38681
prefill,9191,7530
prefill,9192,516
prefill,9193,13746
prefill,9194,7530
prefill,9195,283
prefill,9196,6613
prefill,9197,26
prefill,9198,198
prefill,9199,262
prefill,9200,50285
prefill,9201,980
prefill,9202,22464
prefill,9203,348
prefill,9204,23098
prefill,9205,7824
prefill,9206,283
prefill,9207,6613
prefill,9208,26
prefill,9209,198
prefill,9210,262
prefill,9211,1407
prefill,9212,476
prefill,9213,3112
prefill,9214,4023
prefill,9215,18
prefill,9216,17
prefill,9217,516
prefill,9218,29
prefill,9219,3889
prefill,9220,7824
prefill,9221,26
prefill,9222,198
prefill,9223,262
prefill,9224,11498
prefill,9225,348
prefill,9226,1433
prefill,9227,283
prefill,9228,6613
prefill,9229,26
prefill,9230,198
prefill,9231,262
prefill,9232,2535
prefill,9233,21
prefill,9234,19
prefill,9235,516
prefill,9236,850
prefill,9237,283
prefill,9238,220
prefill,9239,15
prefill,9240,11
prefill,9241,1562
prefill,9242,283
prefill,9243,220
prefill,9244,15
prefill,9245,26
prefill,9246,198
prefill,9247,262
prefill,9248,50285
prefill,9249,980
prefill,9250,38681
prefill,9251,13808
prefill,9252,517
prefill,9253,15248
prefill,9254,476
prefill,9255,1767
prefill,9256,382
prefill,9257,1518
prefill,9258,6061
prefill,9259,26
prefill,9260,198
prefill,9261,262
prefill,9262,1744
prefill,9263,9734
prefill,9264,283
prefill,9265,867
prefill,9266,11
prefill,9267,16693
prefill,9268,283
prefill,9269,867
prefill,9270,11
prefill,9271,5354
prefill,9272,283
prefill,9273,867
prefill,9274,26
prefill,9275,198
prefill,9276,262
prefill,9277,514
prefill,9278,1483
prefill,9279,16551
prefill,9280,283
prefill,9281,471
prefill,9282,16
prefill,9283,11
prefill,9284,39141
prefill,9285,283
prefill,9286,220
prefill,9287,15
prefill,9288,26
prefill,9289,198
prefill,9290,262
prefill,9291,514
prefill,9292,21
prefill,9293,19
prefill,9294,516
prefill,9295,10885
prefill,9296,283
prefill,9297,220
prefill,9298,15
prefill,9299,11
prefill,9300,16208
prefill,9301,10979
prefill,9302,283
prefill,9303,220
prefill,9304,15
prefill,9305,11
prefill,9306,3655
prefill,9307,10979
prefill,9308,283
prefill,9309,220
prefill,9310,15
prefill,9311,11
prefill,9312,10236
prefill,9313,10979
prefill,9314,283
prefill,9315,220
prefill,9316,15
prefill,9317,11
prefill,9318,1151
prefill,9319,10979
prefill,9320,283
prefill,9321,220
prefill,9322,15
prefill,9323,26
prefill,9324,198
prefill,9325,262
prefill,9326,713
prefill,9327,1122
prefill,9328,348
prefill,9329,2781
prefill,9330,283
prefill,9331,328
prefill,9332,1856
prefill,9333,26900
prefill,9334,4961
prefill,9335,271
prefill,9336,262
prefill,9337,50285
prefill,9338,980
prefill,9339,38681
prefill,9340,65119
prefill,9341,13808
prefill,9342,517
prefill,9343,15248
prefill,9344,1494
prefill,9345,6000
prefill,9346,11
prefill,9347,514
prefill,9348,15250
prefill,9349,11
prefill,9350,1331
prefill,9351,516
prefill,9352,7786
prefill,9353,8
prefill,9354,535
prefill,9355,6000
prefill,9356,31509
prefill,9357,681
prefill,9358,15250
prefill,9359,53822
prefill,9360,2333
prefill,9361,681
prefill,9362,7786
prefill,9363,1818
prefill,9364,6114
prefill,9365,8
prefill,9366,313
prefill,9367,198
prefill,9368,285
prefill,9369,1407
prefill,9370,476
prefill,9371,988
prefill,9372,35577
prefill,9373,7797
prefill,9374,476
prefill,9375,21670
prefill,9376,29
prefill,9377,5128
prefill,9378,3163
prefill,9379,70
prefill,9380,980
prefill,9381,38681
prefill,9382,65119
prefill,9383,13393
prefill,9384,13798
prefill,9385,1174
prefill,9386,198
prefill,9387,285
prefill,9388,1064
prefill,9389,2535
prefill,9390,21
prefill,9391,19
prefill,9392,516
prefill,9393,1727
prefill,9394,816
prefill,9395,283
prefill,9396,220
prefill,9397,15
prefill,9398,26
prefill,9399,198
prefill,9400,285
prefill,9401,850
prefill,9402,283
prefill,9403,3333
prefill,9404,3480
prefill,9405,816
prefill,9406,26
prefill,9407,198
prefill,9408,285
prefill,9409,413
prefill,9410,318
prefill,9411,989
prefill,9412,1122
prefill,9413,348
prefill,9414,1752
prefill,9415,283
prefill,9416,53612
prefill,9417,437
prefill,9418,21563
prefill,9419,2581
prefill,9420,83233
prefill,9421,4805
prefill,9422,13391
prefill,9423,50178
prefill,9424,8159
prefill,9425,2673
prefill,9426,313
prefill,9427,198
prefill,9428,309
prefill,9429,413
prefill,9430,4460
prefill,9431,2267
prefill,9432,8
prefill,9433,313
prefill,9434,198
prefill,9435,388
prefill,9436,1433
prefill,9437,283
prefill,9438,19757
prefill,9439,5406
prefill,9440,11
prefill,9441,328
prefill,9442,365
prefill,9443,4876
prefill,9444,198
prefill,9445,388
prefill,9446,413
prefill,9447,318
prefill,9448,813
prefill,9449,8
prefill,9450,313
prefill,9451,198
prefill,9452,493
prefill,9453,716
prefill,9454,85
prefill,9455,5725
prefill,9456,12171
prefill,9457,11
prefill,9458,6613
prefill,9459,11
prefill,9460,696
prefill,9461,1226
prefill,9462,19278
prefill,9463,11
prefill,9464,220
prefill,9465,15
prefill,9466,1174
prefill,9467,198
prefill,9468,493
prefill,9469,413
prefill,9470,318
prefill,9471,703
prefill,9472,598
prefill,9473,12171
prefill,9474,8
prefill,9475,606
prefill,9476,220
prefill,9477,15
prefill,9478,8
prefill,9479,313
prefill,9480,198
prefill,9481,646
prefill,9482,9098
prefill,9483,12171
prefill,9484,11
prefill,9485,328
prefill,9486,9979
prefill,9487,11
prefill,9488,6450
prefill,9489,11
prefill,9490,10027
prefill,9491,9828
prefill,9492,27896
prefill,9493,11
prefill,9494,19290
prefill,9495,11
prefill,9496,751
prefill,9497,23799
prefill,9498,19201
prefill,9499,1159
prefill,9500,11
prefill,9501,1768
prefill,9502,287
prefill,9503,78779
prefill,9504,20782
prefill,9505,11
prefill,9506,5928
prefill,9507,12164
prefill,9508,7010
prefill,9509,1687
prefill,9510,12164
prefill,9511,11
prefill,9512,1763
prefill,9513,385
prefill,9514,12164
prefill,9515,11
prefill,9516,327
prefill,9517,1701
prefill,9518,10979
prefill,9519,11
prefill,9520,11158
prefill,9521,10979
prefill,9522,11
prefill,9523,13216
prefill,9524,10979
prefill,9525,53649
prefill,9526,10979
prefill,9527,41302
prefill,9528,10979
prefill,9529,1639
prefill,9530,4876
prefill,9531,198
prefill,9532,493
prefill,9533,333
prefill,9534,198
prefill,9535,388
prefill,9536,333
prefill,9537,745
prefill,9538,313
prefill,9539,198
prefill,9540,493
prefill,9541,54802
prefill,9542,2581
prefill,9543,8159
prefill,9544,33984
prefill,9545,437
prefill,9546,71376
prefill,9547,7087
prefill,9548,25
prefill,9549,4021
prefill,9550,1724
prefill,9551,1433
prefill,9552,7434
prefill,9553,82
prefill,9554,15313
prefill,9555,77
prefill,9556,487
prefill,9557,1752
prefill,9558,1174
prefill,9559,198
prefill,9560,388
prefill,9561,333
prefill,9562,198
prefill,9563,309
prefill,9564,333
prefill,9565,198
prefill,9566,285
prefill,9567,333
prefill,9568,198
prefill,9569,262
prefill,9570,333
prefill,9571,271
prefill,9572,262
prefill,9573,3835
prefill,9574,13985
prefill,9575,980
prefill,9576,38681
prefill,9577,65119
prefill,9578,13808
prefill,9579,517
prefill,9580,15248
prefill,9581,363
prefill,9582,313
prefill,9583,198
prefill,9584,285
prefill,9585,7087
prefill,9586,24747
prefill,9587,2061
prefill,9588,198
prefill,9589,285
prefill,9590,50285
prefill,9591,980
prefill,9592,38681
prefill,9593,7530
prefill,9594,8636
prefill,9595,42012
prefill,9596,7530
prefill,9597,1174
prefill,9598,198
prefill,9599,285
prefill,9600,50285
prefill,9601,980
prefill,9602,8636
prefill,9603,42012
prefill,9604,14705
prefill,9605,1174
prefill,9606,198
prefill,9607,285
prefill,9608,413
prefill,9609,318
prefill,9610,813
prefill,9611,8
prefill,9612,313
prefill,9613,198
prefill,9614,309
prefill,9615,1407
prefill,9616,476
prefill,9617,988
prefill,9618,35577
prefill,9619,7797
prefill,9620,476
prefill,9621,21670
prefill,9622,29
prefill,9623,5128
prefill,9624,3163
prefill,9625,70
prefill,9626,980
prefill,9627,38681
prefill,9628,65119
prefill,9629,13393
prefill,9630,13798
prefill,9631,1174
prefill,9632,198
prefill,9633,309
prefill,9634,26328
prefill,9635,12171
prefill,9636,1174
prefill,9637,198
prefill,9638,285
prefill,9639,333
prefill,9640,198
prefill,9641,262
prefill,9642,333
prefill,9643,271
prefill,9644,262
prefill,9645,1064
prefill,9646,50285
prefill,9647,980
prefill,9648,38681
prefill,9649,65119
prefill,9650,13808
prefill,9651,517
prefill,9652,15248
prefill,9653,348
prefill,9654,494
prefill,9655,15411
prefill,9656,363
prefill,9657,313
prefill,9658,198
prefill,9659,285
prefill,9660,713
prefill,9661,1122
prefill,9662,348
prefill,9663,2124
prefill,9664,283
prefill,9665,53612
prefill,9666,437
prefill,9667,21563
prefill,9668,2581
prefill,9669,83233
prefill,9670,4805
prefill,9671,13391
prefill,9672,50178
prefill,9673,4876
prefill,9674,198
prefill,9675,285
prefill,9676,413
prefill,9677,1451
prefill,9678,1617
prefill,9679,1321
prefill,9680,729
prefill,9681,9
prefill,9682,1617
prefill,9683,1321
prefill,9684,23510
prefill,9685,8489
prefill,9686,11
prefill,9687,328
prefill,9688,15
prefill,9689,871
prefill,9690,606
prefill,9691,220
prefill,9692,15
prefill,9693,8
prefill,9694,313
prefill,9695,198
prefill,9696,309
prefill,9697,460
prefill,9698,6613
prefill,9699,26
prefill,9700,198
prefill,9701,285
prefill,9702,333
prefill,9703,198
prefill,9704,285
prefill,9705,3646
prefill,9706,2663
prefill,9707,58
prefill,9708,18
prefill,9709,60
prefill,9710,6061
prefill,9711,26
prefill,9712,198
prefill,9713,285
prefill,9714,713
prefill,9715,1122
prefill,9716,348
prefill,9717,7872
prefill,9718,283
prefill,9719,2124
prefill,9720,26
prefill,9721,198
prefill,9722,285
prefill,9723,364
prefill,9724,318
prefill,9725,390
prefill,9726,585
prefill,9727,283
prefill,9728,220
prefill,9729,15
prefill,9730,26
prefill,9731,585
prefill,9732,361
prefill,9733,220
prefill,9734,18
prefill,9735,26
prefill,9736,3333
prefill,9737,72
prefill,9738,8
prefill,9739,313
prefill,9740,198
prefill,9741,309
prefill,9742,713
prefill,9743,1122
prefill,9744,348
prefill,9745,1151
prefill,9746,283
prefill,9747,7872
prefill,9748,26
prefill,9749,198
prefill,9750,309
prefill,9751,1345
prefill,9752,4460
prefill,9753,16921
prefill,9754,2518
prefill,9755,359
prefill,9756,15
prefill,9757,6
prefill,9758,976
prefill,9759,348
prefill,9760,16921
prefill,9761,2564
prefill,9762,359
prefill,9763,24
prefill,9764,837
prefill,9765,313
prefill,9766,198
prefill,9767,388
prefill,9768,413
prefill,9769,318
prefill,9770,3535
prefill,9771,957
prefill,9772,60
prefill,9773,835
prefill,9774,220
prefill,9775,19
prefill,9776,15
prefill,9777,24
prefill,9778,21
prefill,9779,8
prefill,9780,313
prefill,9781,198
prefill,9782,493
prefill,9783,1387
prefill,9784,26
prefill,9785,198
prefill,9786,388
prefill,9787,333
prefill,9788,198
prefill,9789,388
prefill,9790,2663
prefill,9791,957
prefill,9792,60
prefill,9793,283
prefill,9794,2663
prefill,9795,957
prefill,9796,60
prefill,9797,348
prefill,9798,220
prefill,9799,16
prefill,9800,15
prefill,9801,478
prefill,9802,3646
prefill,9803,3935
prefill,9804,16921
prefill,9805,992
prefill,9806,471
prefill,9807,359
prefill,9808,15
prefill,9809,4515
prefill,9810,198
prefill,9811,309
prefill,9812,333
prefill,9813,198
prefill,9814,309
prefill,9815,413
prefill,9816,318
prefill,9817,16921
prefill,9818,606
prefill,9819,1151
prefill,9820,1321
prefill,9821,318
prefill,9822,72
prefill,9823,361
prefill,9824,220
prefill,9825,17
prefill,9826,907
prefill,9827,348
prefill,9828,16921
prefill,9829,992
prefill,9830,931
prefill,9831,35104
prefill,9832,535
prefill,9833,348
prefill,9834,16921
prefill,9835,931
prefill,9836,5031
prefill,9837,15
prefill,9838,837
prefill,9839,1321
prefill,9840,2663
prefill,9841,957
prefill,9842,60
prefill,9843,835
prefill,9844,220
prefill,9845,19
prefill,9846,15
prefill,9847,24
prefill,9848,21
prefill,9849,8
prefill,9850,313
prefill,9851,198
prefill,9852,388
prefill,9853,54802
prefill,9854,2581
prefill,9855,8159
prefill,9856,33984
prefill,9857,437
prefill,9858,71376
prefill,9859,7087
prefill,9860,25
prefill,9861,8060
prefill,9862,2124
prefill,9863,7434
prefill,9864,82
prefill,9865,6750
prefill,9866,8127
prefill,9867,318
prefill,9868,7095
prefill,9869,6000
prefill,9870,25
prefill,9871,48093
prefill,9872,42517
prefill,9873,6114
prefill,9874,1203
prefill,9875,72
prefill,9876,33
prefill,9877,10383
prefill,9878,77
prefill,9879,487
prefill,9880,2124
prefill,9881,1174
prefill,9882,198
prefill,9883,388
prefill,9884,460
prefill,9885,6613
prefill,9886,26
prefill,9887,198
prefill,9888,309
prefill,9889,333
prefill,9890,198
prefill,9891,285
prefill,9892,333
prefill,9893,198
prefill,9894,285
prefill,9895,413
prefill,9896,318
prefill,9897,3535
prefill,9898,58
prefill,9899,16
prefill,9900,60
prefill,9901,606
prefill,9902,220
prefill,9903,15
prefill,9904,1321
prefill,9905,2663
prefill,9906,58
prefill,9907,16
prefill,9908,60
prefill,9909,835
prefill,9910,220
prefill,9911,17
prefill,9912,20
prefill,9913,21
prefill,9914,1321
prefill,9915,2663
prefill,9916,58
prefill,9917,17
prefill,9918,60
prefill,9919,606
prefill,9920,220
prefill,9921,15
prefill,9922,1321
prefill,9923,2663
prefill,9924,58
prefill,9925,17
prefill,9926,60
prefill,9927,835
prefill,9928,220
prefill,9929,17
prefill,9930,15
prefill,9931,19
prefill,9932,23
prefill,9933,8
prefill,9934,313
prefill,9935,198
prefill,9936,309
prefill,9937,54802
prefill,9938,2581
prefill,9939,8159
prefill,9940,33984
prefill,9941,437
prefill,9942,71376
prefill,9943,7087
prefill,9944,25
prefill,9945,8060
prefill,9946,15250
prefill,9947,3359
prefill,9948,6114
prefill,9949,26
prefill,9950,8127
prefill,9951,1639
prefill,9952,4876
prefill,9953,198
prefill,9954,309
prefill,9955,460
prefill,9956,6613
prefill,9957,26
prefill,9958,198
prefill,9959,285
prefill,9960,333
prefill,9961,198
prefill,9962,285
prefill,9963,460
prefill,9964,491
prefill,9965,50285
prefill,9966,980
prefill,9967,38681
prefill,9968,65119
prefill,9969,13808
prefill,9970,517
prefill,9971,15248
prefill,9972,1494
prefill,9973,19490
prefill,9974,58
prefill,9975,15
prefill,9976,9431
prefill,9977,514
prefill,9978,19490
prefill,9979,58
prefill,9980,16
prefill,9981,9431
prefill,9982,274
prefill,9983,271
prefill,9984,3601
prefill,9985,314
prefill,9986,16713
prefill,9987,47801
prefill,9988,13
prefill,9989,18037
prefill,9990,678
prefill,9991,11346
prefill,9992,3286
prefill,9993,13
prefill,9994,248046
prefill,9995,198
prefill,9996,248045
prefill,9997,74455
prefill,9998,198
prefill,9999,248068
decode,10000,198
decode,10001,9764
decode,10002,728
decode,10003,15060
decode,10004,3286
decode,10005,411
decode,10006,1970
decode,10007,13
decode,10008,1061
decode,10009,369
decode,10010,279
decode,10011,50285
decode,10012,980
decode,10013,18583
decode,10014,27867
decode,10015,1970
decode,10016,494
decode,10017,90448
decode,10018,6982
decode,10019,4691
decode,10020,70
decode,10021,980
decode,10022,13
decode,10023,353
decode,10024,1144
decode,10025,310
decode,10026,3300
decode,10027,220
decode,10028,17
decode,10029,20
decode,10030,47193
decode,10031,14192
decode,10032,10419
decode,10033,383
decode,10034,36602
decode,10035,11
decode,10036,29612
decode,10037,11
decode,10038,4779
decode,10039,18458
decode,10040,11
decode,10041,321
decode,10042,34647
decode,10043,13
decode,10044,1690
decode,10045,1754
decode,10046,8996
decode,10047,353
decode,10048,1144
decode,10049,310
decode,10050,25
decode,10051,198
decode,10052,16
decode,10053,13
decode,10054,79091
decode,10055,279
decode,10056,5721
decode,10057,198
decode,10058,17
decode,10059,13
decode,10060,3780
decode,10061,930
decode,10062,264
decode,10063,2526
decode,10064,2222
decode,10065,45328
decode,10066,2468
decode,10067,55404
decode,10068,198
decode,10069,18
decode,10070,13
decode,10071,20052
decode,10072,264
decode,10073,16609
decode,10074,357
decode,10075,15797
decode,10076,1228
decode,10077,198
decode,10078,19
decode,10079,13
decode,10080,3130
decode,10081,25969
decode,10082,20335
decode,10083,198
decode,10084,20
decode,10085,13
decode,10086,9357
decode,10087,506
decode,10088,3140
decode,10089,220
decode,10090,16
decode,10091,15
decode,10092,15
decode,10093,15
decode,10094,4105
decode,10095,271
decode,10096,9764
decode,10097,728
decode,10098,22903
decode,10099,279
decode,10100,1970
decode,10101,15060
decode,10102,13
decode,10103,271
decode,10104,9764
decode,10105,728
decode,10106,708
decode,10107,1472
decode,10108,279
decode,10109,1970
decode,10110,3644
decode,10111,539
decode,10112,3644
decode,10113,13
decode,10114,271
decode,10115,332
decode,10116,9333
decode,10117,220
decode,10118,16
decode,10119,25
decode,10120,10006
decode,10121,913
decode,10122,5568
decode,10123,332
decode,10124,271
decode,10125,63
decode,10126,13985
decode,10127,980
decode,10128,38681
decode,10129,853
decode,10130,86064
decode,10131,14373
decode,10132,7530
decode,10133,43143
decode,10134,198
decode,10135,71093
decode,10136,10504
decode,10137,198
decode,10138,13985
decode,10139,980
decode,10140,38681
decode,10141,7530
decode,10142,516
decode,10143,50285
decode,10144,980
decode,10145,38681
decode,10146,853
decode,10147,86064
decode,10148,14373
decode,10149,7530
decode,10150,3163
decode,10151,70
decode,10152,980
decode,10153,38681
decode,10154,7530
decode,10155,1756
decode,10156,516
decode,10157,996
decode,10158,703
decode,10159,11
decode,10160,1331
decode,10161,516
decode,10162,1331
decode,10163,8
decode,10164,313
decode,10165,198
decode,10166,262
decode,10167,54802
decode,10168,2581
decode,10169,11458
decode,10170,1818
decode,10171,86064
decode,10172,1174
decode,10173,198
decode,10174,262
decode,10175,413
decode,10176,318
decode,10177,2073
decode,10178,606
decode,10179,220
decode,10180,15
decode,10181,8
decode,10182,313
decode,10183,198
decode,10184,285
decode,10185,434
decode,10186,460
decode,10187,264
decode,10188,16782
decode,10189,4011
decode,10190,364
decode,10191,6942
decode,10192,26931
decode,10193,67283
decode,10194,198
decode,10195,285
decode,10196,460
decode,10197,50285
decode,10198,980
decode,10199,38681
